RespNum,Task,Concept,Brands,Container Size,Price,Pulp,From Concentrate,Added Vitamins,Gender,Age,OperatingSystem,Answer
5,1,1,Tropicana ,58 fl oz Carton,$3.89 ,Lots of pulp,Yes,"Multi Vitamins (A, B1, C, D, E) ",Male,35 - 44,Desktop,1
5,1,2,Local Store Brand,58 fl oz Carton,$4.59 ,Medium pulp,Yes,Vitamins D,Male,35 - 44,Desktop,0
5,1,3,Minute Made,128floz Bottle ,$6.00 ,Some pulp,No,Calcium,Male,35 - 44,Desktop,0
5,1,4,None,None,None,None,None,None,Male,35 - 44,Desktop,0
5,2,1,Minute Made,128floz Bottle ,$4.89 ,Some pulp,Yes,Vitamins D and Calcium ,Male,35 - 44,Desktop,1
5,2,2,Tropicana ,58 fl oz Carton,$4.89 ,Lots of pulp,No,"Multi B Vitamins (B , B6, B12)",Male,35 - 44,Desktop,0
5,2,3,Tropicana ,58 fl oz Carton,$3.89 ,No pulp,No,Vitamins D,Male,35 - 44,Desktop,0
5,2,4,None,None,None,None,None,None,Male,35 - 44,Desktop,0
5,3,1,Simply Orange,128floz Bottle ,$6.00 ,Medium pulp,No,"Multi Vitamins (A, B1, C, D, E) ",Male,35 - 44,Desktop,0
5,3,2,Local Store Brand,58 fl oz Carton,$4.89 ,Some pulp,Yes,Plant Sterols ,Male,35 - 44,Desktop,0
5,3,3,Local Store Brand,128floz Bottle ,$4.89 ,Medium pulp,No,"Multi Vitamins (A, B1, C, D, E) ",Male,35 - 44,Desktop,0
5,3,4,None,None,None,None,None,None,Male,35 - 44,Desktop,1
5,4,1,Local Store Brand,58 fl oz Carton,$3.89 ,No pulp,Yes,Vitamins D and Calcium ,Male,35 - 44,Desktop,0
5,4,2,Simply Orange,128floz Bottle ,$4.89 ,Lots of pulp,Yes,Plant Sterols ,Male,35 - 44,Desktop,1
5,4,3,Minute Made,58 fl oz Carton,$4.59 ,Some pulp,No,"Multi Vitamins (A, B1, C, D, E) ",Male,35 - 44,Desktop,0
5,4,4,None,None,None,None,None,None,Male,35 - 44,Desktop,0
5,5,1,Minute Made,128floz Bottle ,$6.00 ,No pulp,Yes,Vitamins D,Male,35 - 44,Desktop,0
5,5,2,Minute Made,58 fl oz Carton,$4.59 ,Medium pulp,Yes,"Multi B Vitamins (B , B6, B12)",Male,35 - 44,Desktop,0
5,5,3,Tropicana ,128floz Bottle ,$4.89 ,Medium pulp,No,"Multi B Vitamins (B , B6, B12)",Male,35 - 44,Desktop,1
5,5,4,None,None,None,None,None,None,Male,35 - 44,Desktop,0
5,6,1,Simply Orange,128floz Bottle ,$5.59 ,Lots of pulp,Yes,Calcium,Male,35 - 44,Desktop,0
5,6,2,Simply Orange,58 fl oz Carton,$4.59 ,Lots of pulp,Yes,Vitamins D,Male,35 - 44,Desktop,0
5,6,3,Tropicana ,128floz Bottle ,$5.59 ,Some pulp,No,Vitamins D,Male,35 - 44,Desktop,1
5,6,4,None,None,None,None,None,None,Male,35 - 44,Desktop,0
5,7,1,Simply Orange,128floz Bottle ,$4.59 ,No pulp,No,Vitamins D and Calcium ,Male,35 - 44,Desktop,0
5,7,2,Minute Made,58 fl oz Carton,$5.59 ,Lots of pulp,No,Vitamins D and Calcium ,Male,35 - 44,Desktop,1
5,7,3,Local Store Brand,58 fl oz Carton,$3.89 ,Some pulp,Yes,Calcium,Male,35 - 44,Desktop,0
5,7,4,None,None,None,None,None,None,Male,35 - 44,Desktop,0
5,8,1,Tropicana ,58 fl oz Carton,$5.59 ,Some pulp,Yes,"Multi Vitamins (A, B1, C, D, E) ",Male,35 - 44,Desktop,1
5,8,2,Local Store Brand,128floz Bottle ,$4.59 ,Lots of pulp,No,Vitamins D and Calcium ,Male,35 - 44,Desktop,0
5,8,3,Minute Made,58 fl oz Carton,$3.89 ,Lots of pulp,No,Plant Sterols ,Male,35 - 44,Desktop,0
5,8,4,None,None,None,None,None,None,Male,35 - 44,Desktop,0
5,9,1,Simply Orange,128floz Bottle ,$6.00 ,Some pulp,Yes,Vitamins D and Calcium ,Male,35 - 44,Desktop,1
5,9,2,Local Store Brand,58 fl oz Carton,$5.59 ,No pulp,No,Plant Sterols ,Male,35 - 44,Desktop,0
5,9,3,Minute Made,58 fl oz Carton,$4.89 ,No pulp,No,Calcium,Male,35 - 44,Desktop,0
5,9,4,None,None,None,None,None,None,Male,35 - 44,Desktop,0
5,10,1,Tropicana ,128floz Bottle ,$6.00 ,Medium pulp,Yes,Plant Sterols ,Male,35 - 44,Desktop,1
5,10,2,Simply Orange,58 fl oz Carton,$3.89 ,Medium pulp,No,Plant Sterols ,Male,35 - 44,Desktop,0
5,10,3,Simply Orange,58 fl oz Carton,$4.89 ,No pulp,Yes,"Multi Vitamins (A, B1, C, D, E) ",Male,35 - 44,Desktop,0
5,10,4,None,None,None,None,None,None,Male,35 - 44,Desktop,0
5,11,1,Local Store Brand,128floz Bottle ,$6.00 ,Lots of pulp,No,"Multi Vitamins (A, B1, C, D, E) ",Male,35 - 44,Desktop,0
5,11,2,Tropicana ,128floz Bottle ,$4.59 ,No pulp,Yes,Calcium,Male,35 - 44,Desktop,1
5,11,3,Tropicana ,58 fl oz Carton,$5.59 ,Medium pulp,Yes,Vitamins D and Calcium ,Male,35 - 44,Desktop,0
5,11,4,None,None,None,None,None,None,Male,35 - 44,Desktop,0
5,12,1,Tropicana ,128floz Bottle ,$4.59 ,Some pulp,No,Plant Sterols ,Male,35 - 44,Desktop,0
5,12,2,Simply Orange,58 fl oz Carton,$3.89 ,Medium pulp,No,Calcium,Male,35 - 44,Desktop,1
5,12,3,Local Store Brand,128floz Bottle ,$6.00 ,Lots of pulp,Yes,"Multi B Vitamins (B , B6, B12)",Male,35 - 44,Desktop,0
5,12,4,None,None,None,None,None,None,Male,35 - 44,Desktop,0
5,13,1,Minute Made,128floz Bottle ,$5.59 ,No pulp,Yes,"Multi B Vitamins (B , B6, B12)",Male,35 - 44,Desktop,0
5,13,2,Simply Orange,58 fl oz Carton,$5.59 ,Some pulp,No,"Multi B Vitamins (B , B6, B12)",Male,35 - 44,Desktop,0
5,13,3,Local Store Brand,128floz Bottle ,$5.59 ,Medium pulp,No,Vitamins D,Male,35 - 44,Desktop,0
5,13,4,None,None,None,None,None,None,Male,35 - 44,Desktop,1
7,1,1,Tropicana ,58 fl oz Carton,$4.59 ,Lots of pulp,Yes,"Multi Vitamins (A, B1, C, D, E) ",Female,25 - 34,iPhone,0
7,1,2,Minute Made,128floz Bottle ,$6.00 ,No pulp,Yes,"Multi Vitamins (A, B1, C, D, E) ",Female,25 - 34,iPhone,1
7,1,3,Local Store Brand,128floz Bottle ,$6.00 ,Some pulp,No,Vitamins D and Calcium ,Female,25 - 34,iPhone,0
7,1,4,None,None,None,None,None,None,Female,25 - 34,iPhone,0
7,2,1,Simply Orange,58 fl oz Carton,$4.89 ,Lots of pulp,No,Vitamins D,Female,25 - 34,iPhone,1
7,2,2,Minute Made,58 fl oz Carton,$5.59 ,Some pulp,Yes,Plant Sterols ,Female,25 - 34,iPhone,0
7,2,3,Minute Made,128floz Bottle ,$4.59 ,Lots of pulp,No,Plant Sterols ,Female,25 - 34,iPhone,0
7,2,4,None,None,None,None,None,None,Female,25 - 34,iPhone,0
7,3,1,Minute Made,58 fl oz Carton,$3.89 ,Medium pulp,Yes,Vitamins D and Calcium ,Female,25 - 34,iPhone,0
7,3,2,Local Store Brand,58 fl oz Carton,$3.89 ,Medium pulp,No,"Multi B Vitamins (B , B6, B12)",Female,25 - 34,iPhone,0
7,3,3,Simply Orange,128floz Bottle ,$6.00 ,Lots of pulp,Yes,"Multi B Vitamins (B , B6, B12)",Female,25 - 34,iPhone,1
7,3,4,None,None,None,None,None,None,Female,25 - 34,iPhone,0
7,4,1,Local Store Brand,128floz Bottle ,$4.59 ,Medium pulp,Yes,Vitamins D,Female,25 - 34,iPhone,0
7,4,2,Simply Orange,58 fl oz Carton,$3.89 ,Some pulp,Yes,Plant Sterols ,Female,25 - 34,iPhone,1
7,4,3,Tropicana ,128floz Bottle ,$6.00 ,No pulp,No,Plant Sterols ,Female,25 - 34,iPhone,0
7,4,4,None,None,None,None,None,None,Female,25 - 34,iPhone,0
7,5,1,Simply Orange,58 fl oz Carton,$4.89 ,No pulp,No,Vitamins D and Calcium ,Female,25 - 34,iPhone,1
7,5,2,Local Store Brand,58 fl oz Carton,$4.89 ,No pulp,Yes,Vitamins D,Female,25 - 34,iPhone,0
7,5,3,Tropicana ,128floz Bottle ,$5.59 ,Some pulp,No,Vitamins D,Female,25 - 34,iPhone,0
7,5,4,None,None,None,None,None,None,Female,25 - 34,iPhone,0
7,6,1,Simply Orange,58 fl oz Carton,$3.89 ,No pulp,No,Calcium,Female,25 - 34,iPhone,1
7,6,2,Local Store Brand,128floz Bottle ,$4.89 ,Some pulp,Yes,"Multi B Vitamins (B , B6, B12)",Female,25 - 34,iPhone,0
7,6,3,Simply Orange,58 fl oz Carton,$4.59 ,Some pulp,No,"Multi Vitamins (A, B1, C, D, E) ",Female,25 - 34,iPhone,0
7,6,4,None,None,None,None,None,None,Female,25 - 34,iPhone,0
7,7,1,Tropicana ,58 fl oz Carton,$5.59 ,No pulp,Yes,"Multi B Vitamins (B , B6, B12)",Female,25 - 34,iPhone,0
7,7,2,Simply Orange,128floz Bottle ,$6.00 ,Medium pulp,No,Vitamins D,Female,25 - 34,iPhone,1
7,7,3,Minute Made,128floz Bottle ,$4.59 ,Some pulp,No,Calcium,Female,25 - 34,iPhone,0
7,7,4,None,None,None,None,None,None,Female,25 - 34,iPhone,0
7,8,1,Local Store Brand,128floz Bottle ,$5.59 ,Lots of pulp,Yes,"Multi Vitamins (A, B1, C, D, E) ",Female,25 - 34,iPhone,1
7,8,2,Tropicana ,58 fl oz Carton,$4.59 ,Medium pulp,Yes,Vitamins D,Female,25 - 34,iPhone,0
7,8,3,Local Store Brand,128floz Bottle ,$5.59 ,No pulp,No,Plant Sterols ,Female,25 - 34,iPhone,0
7,8,4,None,None,None,None,None,None,Female,25 - 34,iPhone,0
7,9,1,Minute Made,58 fl oz Carton,$3.89 ,Lots of pulp,Yes,Vitamins D,Female,25 - 34,iPhone,1
7,9,2,Tropicana ,128floz Bottle ,$6.00 ,Medium pulp,No,Vitamins D and Calcium ,Female,25 - 34,iPhone,0
7,9,3,Tropicana ,128floz Bottle ,$4.89 ,Some pulp,Yes,Calcium,Female,25 - 34,iPhone,0
7,9,4,None,None,None,None,None,None,Female,25 - 34,iPhone,0
7,10,1,Tropicana ,58 fl oz Carton,$3.89 ,Lots of pulp,No,Calcium,Female,25 - 34,iPhone,0
7,10,2,Simply Orange,128floz Bottle ,$5.59 ,Medium pulp,Yes,Calcium,Female,25 - 34,iPhone,1
7,10,3,Local Store Brand,58 fl oz Carton,$5.59 ,Lots of pulp,No,Vitamins D and Calcium ,Female,25 - 34,iPhone,0
7,10,4,None,None,None,None,None,None,Female,25 - 34,iPhone,0
7,11,1,Minute Made,128floz Bottle ,$4.89 ,Medium pulp,No,"Multi Vitamins (A, B1, C, D, E) ",Female,25 - 34,iPhone,1
7,11,2,Local Store Brand,128floz Bottle ,$6.00 ,Lots of pulp,Yes,Calcium,Female,25 - 34,iPhone,0
7,11,3,Minute Made,58 fl oz Carton,$4.59 ,No pulp,No,"Multi B Vitamins (B , B6, B12)",Female,25 - 34,iPhone,0
7,11,4,None,None,None,None,None,None,Female,25 - 34,iPhone,0
7,12,1,Local Store Brand,58 fl oz Carton,$3.89 ,Some pulp,No,"Multi Vitamins (A, B1, C, D, E) ",Female,25 - 34,iPhone,0
7,12,2,Tropicana ,128floz Bottle ,$4.89 ,Lots of pulp,No,"Multi B Vitamins (B , B6, B12)",Female,25 - 34,iPhone,0
7,12,3,Simply Orange,128floz Bottle ,$4.59 ,No pulp,Yes,Vitamins D and Calcium ,Female,25 - 34,iPhone,1
7,12,4,None,None,None,None,None,None,Female,25 - 34,iPhone,0
7,13,1,Minute Made,58 fl oz Carton,$5.59 ,Medium pulp,No,Calcium,Female,25 - 34,iPhone,0
7,13,2,Minute Made,128floz Bottle ,$4.89 ,No pulp,Yes,Vitamins D and Calcium ,Female,25 - 34,iPhone,1
7,13,3,Tropicana ,58 fl oz Carton,$4.89 ,Medium pulp,Yes,Plant Sterols ,Female,25 - 34,iPhone,0
7,13,4,None,None,None,None,None,None,Female,25 - 34,iPhone,0
8,1,1,Simply Orange,58 fl oz Carton,$3.89 ,Some pulp,No,Vitamins D,Female,45 - 54,iPhone,1
8,1,2,Local Store Brand,58 fl oz Carton,$4.89 ,Medium pulp,Yes,"Multi B Vitamins (B , B6, B12)",Female,45 - 54,iPhone,0
8,1,3,Minute Made,128floz Bottle ,$6.00 ,Lots of pulp,Yes,Calcium,Female,45 - 54,iPhone,0
8,1,4,None,None,None,None,None,None,Female,45 - 54,iPhone,0
8,2,1,Simply Orange,58 fl oz Carton,$5.59 ,No pulp,No,Calcium,Female,45 - 54,iPhone,0
8,2,2,Simply Orange,58 fl oz Carton,$5.59 ,Medium pulp,Yes,Calcium,Female,45 - 54,iPhone,0
8,2,3,Simply Orange,128floz Bottle ,$5.59 ,Medium pulp,Yes,Vitamins D,Female,45 - 54,iPhone,1
8,2,4,None,None,None,None,None,None,Female,45 - 54,iPhone,0
8,3,1,Tropicana ,128floz Bottle ,$4.89 ,Some pulp,Yes,"Multi Vitamins (A, B1, C, D, E) ",Female,45 - 54,iPhone,0
8,3,2,Local Store Brand,128floz Bottle ,$4.59 ,Some pulp,Yes,Plant Sterols ,Female,45 - 54,iPhone,0
8,3,3,Tropicana ,58 fl oz Carton,$4.59 ,No pulp,No,"Multi Vitamins (A, B1, C, D, E) ",Female,45 - 54,iPhone,1
8,3,4,None,None,None,None,None,None,Female,45 - 54,iPhone,0
8,4,1,Local Store Brand,128floz Bottle ,$4.89 ,Lots of pulp,No,Calcium,Female,45 - 54,iPhone,0
8,4,2,Minute Made,58 fl oz Carton,$5.59 ,Some pulp,No,Plant Sterols ,Female,45 - 54,iPhone,0
8,4,3,Tropicana ,128floz Bottle ,$6.00 ,No pulp,Yes,"Multi B Vitamins (B , B6, B12)",Female,45 - 54,iPhone,1
8,4,4,None,None,None,None,None,None,Female,45 - 54,iPhone,0
8,5,1,Minute Made,128floz Bottle ,$4.59 ,No pulp,Yes,Calcium,Female,45 - 54,iPhone,1
8,5,2,Minute Made,58 fl oz Carton,$3.89 ,Lots of pulp,Yes,Vitamins D,Female,45 - 54,iPhone,0
8,5,3,Tropicana ,128floz Bottle ,$6.00 ,No pulp,No,Vitamins D and Calcium ,Female,45 - 54,iPhone,0
8,5,4,None,None,None,None,None,None,Female,45 - 54,iPhone,0
8,6,1,Local Store Brand,58 fl oz Carton,$3.89 ,Lots of pulp,Yes,Plant Sterols ,Female,45 - 54,iPhone,0
8,6,2,Tropicana ,58 fl oz Carton,$4.59 ,Medium pulp,Yes,Vitamins D and Calcium ,Female,45 - 54,iPhone,0
8,6,3,Minute Made,128floz Bottle ,$4.89 ,No pulp,No,Vitamins D,Female,45 - 54,iPhone,1
8,6,4,None,None,None,None,None,None,Female,45 - 54,iPhone,0
8,7,1,Minute Made,58 fl oz Carton,$4.89 ,Some pulp,No,Vitamins D and Calcium ,Female,45 - 54,iPhone,1
8,7,2,Local Store Brand,58 fl oz Carton,$3.89 ,No pulp,Yes,"Multi B Vitamins (B , B6, B12)",Female,45 - 54,iPhone,0
8,7,3,Tropicana ,128floz Bottle ,$5.59 ,Medium pulp,No,Plant Sterols ,Female,45 - 54,iPhone,0
8,7,4,None,None,None,None,None,None,Female,45 - 54,iPhone,0
8,8,1,Simply Orange,128floz Bottle ,$6.00 ,Some pulp,Yes,Vitamins D and Calcium ,Female,45 - 54,iPhone,1
8,8,2,Tropicana ,58 fl oz Carton,$5.59 ,Lots of pulp,No,Vitamins D,Female,45 - 54,iPhone,0
8,8,3,Tropicana ,128floz Bottle ,$4.59 ,Medium pulp,Yes,Vitamins D,Female,45 - 54,iPhone,0
8,8,4,None,None,None,None,None,None,Female,45 - 54,iPhone,0
8,9,1,Local Store Brand,128floz Bottle ,$5.59 ,Lots of pulp,Yes,Vitamins D and Calcium ,Female,45 - 54,iPhone,0
8,9,2,Simply Orange,128floz Bottle ,$4.59 ,Lots of pulp,No,Plant Sterols ,Female,45 - 54,iPhone,0
8,9,3,Tropicana ,58 fl oz Carton,$3.89 ,Some pulp,No,Calcium,Female,45 - 54,iPhone,1
8,9,4,None,None,None,None,None,None,Female,45 - 54,iPhone,0
8,10,1,Minute Made,58 fl oz Carton,$4.59 ,Lots of pulp,No,"Multi B Vitamins (B , B6, B12)",Female,45 - 54,iPhone,0
8,10,2,Simply Orange,58 fl oz Carton,$4.89 ,No pulp,Yes,Plant Sterols ,Female,45 - 54,iPhone,0
8,10,3,Local Store Brand,128floz Bottle ,$6.00 ,Medium pulp,No,"Multi Vitamins (A, B1, C, D, E) ",Female,45 - 54,iPhone,0
8,10,4,None,None,None,None,None,None,Female,45 - 54,iPhone,1
8,11,1,Minute Made,128floz Bottle ,$5.59 ,Some pulp,Yes,"Multi B Vitamins (B , B6, B12)",Female,45 - 54,iPhone,0
8,11,2,Local Store Brand,58 fl oz Carton,$5.59 ,No pulp,Yes,"Multi Vitamins (A, B1, C, D, E) ",Female,45 - 54,iPhone,0
8,11,3,Simply Orange,128floz Bottle ,$6.00 ,Lots of pulp,No,"Multi Vitamins (A, B1, C, D, E) ",Female,45 - 54,iPhone,0
8,11,4,None,None,None,None,None,None,Female,45 - 54,iPhone,1
8,12,1,Tropicana ,58 fl oz Carton,$4.89 ,Lots of pulp,Yes,Vitamins D and Calcium ,Female,45 - 54,iPhone,0
8,12,2,Local Store Brand,58 fl oz Carton,$3.89 ,Medium pulp,No,Vitamins D and Calcium ,Female,45 - 54,iPhone,0
8,12,3,Simply Orange,128floz Bottle ,$4.89 ,Medium pulp,No,"Multi B Vitamins (B , B6, B12)",Female,45 - 54,iPhone,0
8,12,4,None,None,None,None,None,None,Female,45 - 54,iPhone,1
8,13,1,Minute Made,58 fl oz Carton,$3.89 ,Medium pulp,No,"Multi Vitamins (A, B1, C, D, E) ",Female,45 - 54,iPhone,0
8,13,2,Local Store Brand,128floz Bottle ,$6.00 ,Some pulp,No,Vitamins D,Female,45 - 54,iPhone,0
8,13,3,Simply Orange,58 fl oz Carton,$4.59 ,Some pulp,Yes,"Multi Vitamins (A, B1, C, D, E) ",Female,45 - 54,iPhone,1
8,13,4,None,None,None,None,None,None,Female,45 - 54,iPhone,0
9,1,1,Local Store Brand,58 fl oz Carton,$3.89 ,No pulp,Yes,"Multi Vitamins (A, B1, C, D, E) ",Female,45 - 54,Android,0
9,1,2,Minute Made,58 fl oz Carton,$4.59 ,Medium pulp,No,Vitamins D,Female,45 - 54,Android,1
9,1,3,Tropicana ,128floz Bottle ,$5.59 ,Lots of pulp,No,Plant Sterols ,Female,45 - 54,Android,0
9,1,4,None,None,None,None,None,None,Female,45 - 54,Android,0
9,2,1,Simply Orange,128floz Bottle ,$6.00 ,Some pulp,Yes,"Multi B Vitamins (B , B6, B12)",Female,45 - 54,Android,0
9,2,2,Minute Made,58 fl oz Carton,$3.89 ,Some pulp,No,Vitamins D and Calcium ,Female,45 - 54,Android,0
9,2,3,Tropicana ,128floz Bottle ,$4.59 ,No pulp,No,Vitamins D and Calcium ,Female,45 - 54,Android,1
9,2,4,None,None,None,None,None,None,Female,45 - 54,Android,0
9,3,1,Tropicana ,58 fl oz Carton,$5.59 ,Some pulp,Yes,Plant Sterols ,Female,45 - 54,Android,0
9,3,2,Simply Orange,128floz Bottle ,$5.59 ,Medium pulp,No,"Multi Vitamins (A, B1, C, D, E) ",Female,45 - 54,Android,0
9,3,3,Local Store Brand,128floz Bottle ,$6.00 ,Lots of pulp,Yes,Vitamins D,Female,45 - 54,Android,0
9,3,4,None,None,None,None,None,None,Female,45 - 54,Android,1
9,4,1,Tropicana ,58 fl oz Carton,$4.89 ,Medium pulp,Yes,Vitamins D,Female,45 - 54,Android,0
9,4,2,Simply Orange,58 fl oz Carton,$3.89 ,Lots of pulp,Yes,Vitamins D and Calcium ,Female,45 - 54,Android,0
9,4,3,Local Store Brand,128floz Bottle ,$4.59 ,Some pulp,No,Plant Sterols ,Female,45 - 54,Android,0
9,4,4,None,None,None,None,None,None,Female,45 - 54,Android,1
9,5,1,Minute Made,128floz Bottle ,$5.59 ,Some pulp,Yes,Vitamins D,Female,45 - 54,Android,0
9,5,2,Minute Made,58 fl oz Carton,$3.89 ,Medium pulp,No,Calcium,Female,45 - 54,Android,0
9,5,3,Local Store Brand,58 fl oz Carton,$4.59 ,Lots of pulp,Yes,Plant Sterols ,Female,45 - 54,Android,0
9,5,4,None,None,None,None,None,None,Female,45 - 54,Android,1
9,6,1,Tropicana ,128floz Bottle ,$4.89 ,Lots of pulp,No,"Multi B Vitamins (B , B6, B12)",Female,45 - 54,Android,0
9,6,2,Minute Made,128floz Bottle ,$4.59 ,No pulp,Yes,Calcium,Female,45 - 54,Android,1
9,6,3,Tropicana ,58 fl oz Carton,$4.59 ,Lots of pulp,No,Calcium,Female,45 - 54,Android,0
9,6,4,None,None,None,None,None,None,Female,45 - 54,Android,0
9,7,1,Local Store Brand,128floz Bottle ,$4.89 ,Medium pulp,Yes,Vitamins D and Calcium ,Female,45 - 54,Android,0
9,7,2,Simply Orange,58 fl oz Carton,$4.59 ,Some pulp,No,"Multi Vitamins (A, B1, C, D, E) ",Female,45 - 54,Android,0
9,7,3,Simply Orange,128floz Bottle ,$6.00 ,Medium pulp,No,Calcium,Female,45 - 54,Android,0
9,7,4,None,None,None,None,None,None,Female,45 - 54,Android,1
9,8,1,Local Store Brand,58 fl oz Carton,$5.59 ,No pulp,No,"Multi Vitamins (A, B1, C, D, E) ",Female,45 - 54,Android,0
9,8,2,Simply Orange,128floz Bottle ,$5.59 ,Lots of pulp,Yes,Calcium,Female,45 - 54,Android,0
9,8,3,Tropicana ,128floz Bottle ,$6.00 ,Some pulp,Yes,"Multi Vitamins (A, B1, C, D, E) ",Female,45 - 54,Android,0
9,8,4,None,None,None,None,None,None,Female,45 - 54,Android,1
9,9,1,Simply Orange,128floz Bottle ,$4.89 ,No pulp,No,Vitamins D,Female,45 - 54,Android,1
9,9,2,Minute Made,128floz Bottle ,$6.00 ,Lots of pulp,No,"Multi Vitamins (A, B1, C, D, E) ",Female,45 - 54,Android,0
9,9,3,Simply Orange,58 fl oz Carton,$3.89 ,Medium pulp,Yes,Plant Sterols ,Female,45 - 54,Android,0
9,9,4,None,None,None,None,None,None,Female,45 - 54,Android,0
9,10,1,Tropicana ,58 fl oz Carton,$3.89 ,No pulp,Yes,Vitamins D,Female,45 - 54,Android,0
9,10,2,Simply Orange,128floz Bottle ,$4.59 ,No pulp,Yes,"Multi B Vitamins (B , B6, B12)",Female,45 - 54,Android,1
9,10,3,Local Store Brand,58 fl oz Carton,$3.89 ,Some pulp,No,"Multi B Vitamins (B , B6, B12)",Female,45 - 54,Android,0
9,10,4,None,None,None,None,None,None,Female,45 - 54,Android,0
9,11,1,Tropicana ,58 fl oz Carton,$5.59 ,Medium pulp,No,"Multi B Vitamins (B , B6, B12)",Female,45 - 54,Android,0
9,11,2,Local Store Brand,128floz Bottle ,$4.89 ,Some pulp,No,Calcium,Female,45 - 54,Android,0
9,11,3,Minute Made,128floz Bottle ,$5.59 ,Medium pulp,Yes,"Multi B Vitamins (B , B6, B12)",Female,45 - 54,Android,0
9,11,4,None,None,None,None,None,None,Female,45 - 54,Android,1
9,12,1,Minute Made,128floz Bottle ,$6.00 ,No pulp,No,Plant Sterols ,Female,45 - 54,Android,0
9,12,2,Minute Made,58 fl oz Carton,$4.89 ,Lots of pulp,Yes,"Multi Vitamins (A, B1, C, D, E) ",Female,45 - 54,Android,0
9,12,3,Simply Orange,58 fl oz Carton,$4.89 ,Lots of pulp,No,Vitamins D and Calcium ,Female,45 - 54,Android,0
9,12,4,None,None,None,None,None,None,Female,45 - 54,Android,1
9,13,1,Minute Made,58 fl oz Carton,$4.89 ,Some pulp,Yes,Calcium,Female,45 - 54,Android,0
9,13,2,Local Store Brand,128floz Bottle ,$6.00 ,Medium pulp,Yes,Vitamins D and Calcium ,Female,45 - 54,Android,0
9,13,3,Local Store Brand,58 fl oz Carton,$5.59 ,No pulp,No,Vitamins D and Calcium ,Female,45 - 54,Android,0
9,13,4,None,None,None,None,None,None,Female,45 - 54,Android,1
11,1,1,Tropicana ,128floz Bottle ,$5.59 ,Lots of pulp,No,Calcium,Female,45 - 54,iPhone,0
11,1,2,Minute Made,58 fl oz Carton,$3.89 ,Medium pulp,Yes,Calcium,Female,45 - 54,iPhone,1
11,1,3,Simply Orange,58 fl oz Carton,$3.89 ,Some pulp,No,Vitamins D,Female,45 - 54,iPhone,0
11,1,4,None,None,None,None,None,None,Female,45 - 54,iPhone,0
11,2,1,Tropicana ,128floz Bottle ,$5.59 ,Some pulp,No,Plant Sterols ,Female,45 - 54,iPhone,1
11,2,2,Local Store Brand,58 fl oz Carton,$3.89 ,Lots of pulp,No,"Multi B Vitamins (B , B6, B12)",Female,45 - 54,iPhone,0
11,2,3,Local Store Brand,128floz Bottle ,$4.89 ,Medium pulp,Yes,"Multi Vitamins (A, B1, C, D, E) ",Female,45 - 54,iPhone,0
11,2,4,None,None,None,None,None,None,Female,45 - 54,iPhone,0
11,3,1,Tropicana ,58 fl oz Carton,$3.89 ,Some pulp,Yes,"Multi Vitamins (A, B1, C, D, E) ",Female,45 - 54,iPhone,0
11,3,2,Simply Orange,128floz Bottle ,$4.59 ,No pulp,No,"Multi B Vitamins (B , B6, B12)",Female,45 - 54,iPhone,0
11,3,3,Minute Made,128floz Bottle ,$6.00 ,Some pulp,No,Vitamins D,Female,45 - 54,iPhone,1
11,3,4,None,None,None,None,None,None,Female,45 - 54,iPhone,0
11,4,1,Simply Orange,58 fl oz Carton,$4.59 ,Some pulp,Yes,Calcium,Female,45 - 54,iPhone,0
11,4,2,Minute Made,58 fl oz Carton,$3.89 ,No pulp,No,Plant Sterols ,Female,45 - 54,iPhone,1
11,4,3,Tropicana ,128floz Bottle ,$6.00 ,Lots of pulp,Yes,Vitamins D,Female,45 - 54,iPhone,0
11,4,4,None,None,None,None,None,None,Female,45 - 54,iPhone,0
11,5,1,Simply Orange,128floz Bottle ,$5.59 ,Medium pulp,Yes,Vitamins D and Calcium ,Female,45 - 54,iPhone,0
11,5,2,Minute Made,58 fl oz Carton,$5.59 ,No pulp,Yes,Calcium,Female,45 - 54,iPhone,1
11,5,3,Minute Made,58 fl oz Carton,$4.59 ,Medium pulp,No,"Multi B Vitamins (B , B6, B12)",Female,45 - 54,iPhone,0
11,5,4,None,None,None,None,None,None,Female,45 - 54,iPhone,0
11,6,1,Minute Made,128floz Bottle ,$4.59 ,Lots of pulp,Yes,"Multi Vitamins (A, B1, C, D, E) ",Female,45 - 54,iPhone,1
11,6,2,Local Store Brand,128floz Bottle ,$4.59 ,No pulp,Yes,Calcium,Female,45 - 54,iPhone,0
11,6,3,Local Store Brand,58 fl oz Carton,$5.59 ,Lots of pulp,No,Plant Sterols ,Female,45 - 54,iPhone,0
11,6,4,None,None,None,None,None,None,Female,45 - 54,iPhone,0
11,7,1,Local Store Brand,58 fl oz Carton,$3.89 ,Some pulp,Yes,Vitamins D and Calcium ,Female,45 - 54,iPhone,0
11,7,2,Tropicana ,58 fl oz Carton,$4.89 ,Medium pulp,No,Calcium,Female,45 - 54,iPhone,0
11,7,3,Minute Made,128floz Bottle ,$4.59 ,Some pulp,No,Vitamins D and Calcium ,Female,45 - 54,iPhone,1
11,7,4,None,None,None,None,None,None,Female,45 - 54,iPhone,0
11,8,1,Tropicana ,58 fl oz Carton,$4.59 ,Medium pulp,Yes,Plant Sterols ,Female,45 - 54,iPhone,0
11,8,2,Simply Orange,128floz Bottle ,$6.00 ,Lots of pulp,Yes,Plant Sterols ,Female,45 - 54,iPhone,1
11,8,3,Local Store Brand,128floz Bottle ,$6.00 ,Some pulp,No,Calcium,Female,45 - 54,iPhone,0
11,8,4,None,None,None,None,None,None,Female,45 - 54,iPhone,0
11,9,1,Simply Orange,128floz Bottle ,$6.00 ,Medium pulp,Yes,Plant Sterols ,Female,45 - 54,iPhone,1
11,9,2,Local Store Brand,58 fl oz Carton,$4.59 ,Lots of pulp,No,Vitamins D and Calcium ,Female,45 - 54,iPhone,0
11,9,3,Tropicana ,128floz Bottle ,$4.89 ,No pulp,No,Vitamins D and Calcium ,Female,45 - 54,iPhone,0
11,9,4,None,None,None,None,None,None,Female,45 - 54,iPhone,0
11,10,1,Minute Made,128floz Bottle ,$4.89 ,Some pulp,Yes,Plant Sterols ,Female,45 - 54,iPhone,1
11,10,2,Tropicana ,58 fl oz Carton,$3.89 ,No pulp,Yes,Vitamins D,Female,45 - 54,iPhone,0
11,10,3,Tropicana ,128floz Bottle ,$6.00 ,Medium pulp,No,Vitamins D and Calcium ,Female,45 - 54,iPhone,0
11,10,4,None,None,None,None,None,None,Female,45 - 54,iPhone,0
11,11,1,Tropicana ,58 fl oz Carton,$5.59 ,Some pulp,Yes,"Multi B Vitamins (B , B6, B12)",Female,45 - 54,iPhone,0
11,11,2,Simply Orange,58 fl oz Carton,$4.89 ,No pulp,No,"Multi Vitamins (A, B1, C, D, E) ",Female,45 - 54,iPhone,1
11,11,3,Local Store Brand,128floz Bottle ,$6.00 ,No pulp,Yes,"Multi B Vitamins (B , B6, B12)",Female,45 - 54,iPhone,0
11,11,4,None,None,None,None,None,None,Female,45 - 54,iPhone,0
11,12,1,Simply Orange,58 fl oz Carton,$5.59 ,Lots of pulp,No,"Multi Vitamins (A, B1, C, D, E) ",Female,45 - 54,iPhone,1
11,12,2,Local Store Brand,128floz Bottle ,$5.59 ,No pulp,Yes,Vitamins D,Female,45 - 54,iPhone,0
11,12,3,Local Store Brand,58 fl oz Carton,$4.89 ,Medium pulp,No,Vitamins D,Female,45 - 54,iPhone,0
11,12,4,None,None,None,None,None,None,Female,45 - 54,iPhone,0
11,13,1,Minute Made,128floz Bottle ,$5.59 ,Medium pulp,No,"Multi Vitamins (A, B1, C, D, E) ",Female,45 - 54,iPhone,1
11,13,2,Simply Orange,128floz Bottle ,$4.89 ,Lots of pulp,Yes,"Multi B Vitamins (B , B6, B12)",Female,45 - 54,iPhone,0
11,13,3,Minute Made,58 fl oz Carton,$4.89 ,Lots of pulp,Yes,Vitamins D and Calcium ,Female,45 - 54,iPhone,0
11,13,4,None,None,None,None,None,None,Female,45 - 54,iPhone,0
12,1,1,Local Store Brand,128floz Bottle ,$6.00 ,Medium pulp,Yes,"Multi Vitamins (A, B1, C, D, E) ",Female,45 - 54,Android,0
12,1,2,Simply Orange,58 fl oz Carton,$3.89 ,No pulp,No,"Multi B Vitamins (B , B6, B12)",Female,45 - 54,Android,0
12,1,3,Minute Made,58 fl oz Carton,$5.59 ,Some pulp,Yes,Vitamins D and Calcium ,Female,45 - 54,Android,0
12,1,4,None,None,None,None,None,None,Female,45 - 54,Android,1
12,2,1,Tropicana ,128floz Bottle ,$4.59 ,Some pulp,Yes,Vitamins D and Calcium ,Female,45 - 54,Android,0
12,2,2,Tropicana ,128floz Bottle ,$4.59 ,Some pulp,No,Plant Sterols ,Female,45 - 54,Android,0
12,2,3,Local Store Brand,58 fl oz Carton,$3.89 ,Lots of pulp,No,Plant Sterols ,Female,45 - 54,Android,0
12,2,4,None,None,None,None,None,None,Female,45 - 54,Android,1
12,3,1,Simply Orange,128floz Bottle ,$4.89 ,Some pulp,Yes,Calcium,Female,45 - 54,Android,0
12,3,2,Minute Made,128floz Bottle ,$6.00 ,Lots of pulp,No,"Multi B Vitamins (B , B6, B12)",Female,45 - 54,Android,0
12,3,3,Minute Made,58 fl oz Carton,$3.89 ,No pulp,Yes,Vitamins D,Female,45 - 54,Android,1
12,3,4,None,None,None,None,None,None,Female,45 - 54,Android,0
12,4,1,Simply Orange,58 fl oz Carton,$5.59 ,Medium pulp,No,Plant Sterols ,Female,45 - 54,Android,0
12,4,2,Tropicana ,58 fl oz Carton,$4.89 ,Some pulp,Yes,"Multi B Vitamins (B , B6, B12)",Female,45 - 54,Android,0
12,4,3,Local Store Brand,128floz Bottle ,$6.00 ,No pulp,Yes,Calcium,Female,45 - 54,Android,1
12,4,4,None,None,None,None,None,None,Female,45 - 54,Android,0
12,5,1,Minute Made,128floz Bottle ,$4.89 ,No pulp,No,Vitamins D,Female,45 - 54,Android,1
12,5,2,Tropicana ,128floz Bottle ,$5.59 ,No pulp,No,Calcium,Female,45 - 54,Android,0
12,5,3,Local Store Brand,58 fl oz Carton,$3.89 ,Some pulp,Yes,"Multi Vitamins (A, B1, C, D, E) ",Female,45 - 54,Android,0
12,5,4,None,None,None,None,None,None,Female,45 - 54,Android,0
12,6,1,Tropicana ,128floz Bottle ,$6.00 ,Lots of pulp,Yes,Vitamins D,Female,45 - 54,Android,0
12,6,2,Minute Made,58 fl oz Carton,$4.89 ,Medium pulp,No,Calcium,Female,45 - 54,Android,0
12,6,3,Tropicana ,58 fl oz Carton,$4.59 ,No pulp,Yes,"Multi B Vitamins (B , B6, B12)",Female,45 - 54,Android,0
12,6,4,None,None,None,None,None,None,Female,45 - 54,Android,1
12,7,1,Minute Made,58 fl oz Carton,$4.59 ,Lots of pulp,No,"Multi Vitamins (A, B1, C, D, E) ",Female,45 - 54,Android,0
12,7,2,Local Store Brand,128floz Bottle ,$4.59 ,Medium pulp,No,Vitamins D and Calcium ,Female,45 - 54,Android,0
12,7,3,Tropicana ,58 fl oz Carton,$5.59 ,No pulp,Yes,"Multi Vitamins (A, B1, C, D, E) ",Female,45 - 54,Android,0
12,7,4,None,None,None,None,None,None,Female,45 - 54,Android,1
12,8,1,Simply Orange,58 fl oz Carton,$4.89 ,Lots of pulp,No,Vitamins D and Calcium ,Female,45 - 54,Android,0
12,8,2,Tropicana ,58 fl oz Carton,$3.89 ,Lots of pulp,Yes,Vitamins D and Calcium ,Female,45 - 54,Android,0
12,8,3,Tropicana ,128floz Bottle ,$4.89 ,Medium pulp,No,"Multi Vitamins (A, B1, C, D, E) ",Female,45 - 54,Android,0
12,8,4,None,None,None,None,None,None,Female,45 - 54,Android,1
12,9,1,Minute Made,128floz Bottle ,$6.00 ,Some pulp,No,Plant Sterols ,Female,45 - 54,Android,0
12,9,2,Local Store Brand,58 fl oz Carton,$4.89 ,Medium pulp,Yes,Vitamins D,Female,45 - 54,Android,0
12,9,3,Simply Orange,58 fl oz Carton,$4.59 ,Lots of pulp,Yes,Calcium,Female,45 - 54,Android,0
12,9,4,None,None,None,None,None,None,Female,45 - 54,Android,1
12,10,1,Minute Made,128floz Bottle ,$5.59 ,Medium pulp,Yes,"Multi B Vitamins (B , B6, B12)",Female,45 - 54,Android,0
12,10,2,Local Store Brand,128floz Bottle ,$4.89 ,Lots of pulp,Yes,Plant Sterols ,Female,45 - 54,Android,0
12,10,3,Simply Orange,58 fl oz Carton,$4.59 ,Some pulp,No,Vitamins D,Female,45 - 54,Android,0
12,10,4,None,None,None,None,None,None,Female,45 - 54,Android,1
12,11,1,Minute Made,128floz Bottle ,$4.59 ,No pulp,Yes,Plant Sterols ,Female,45 - 54,Android,0
12,11,2,Simply Orange,58 fl oz Carton,$3.89 ,Medium pulp,Yes,Plant Sterols ,Female,45 - 54,Android,0
12,11,3,Local Store Brand,128floz Bottle ,$6.00 ,No pulp,No,Vitamins D and Calcium ,Female,45 - 54,Android,1
12,11,4,None,None,None,None,None,None,Female,45 - 54,Android,0
12,12,1,Simply Orange,128floz Bottle ,$4.59 ,Medium pulp,Yes,"Multi Vitamins (A, B1, C, D, E) ",Female,45 - 54,Android,0
12,12,2,Simply Orange,128floz Bottle ,$6.00 ,Some pulp,No,"Multi Vitamins (A, B1, C, D, E) ",Female,45 - 54,Android,0
12,12,3,Tropicana ,58 fl oz Carton,$3.89 ,Medium pulp,No,Calcium,Female,45 - 54,Android,0
12,12,4,None,None,None,None,None,None,Female,45 - 54,Android,1
12,13,1,Simply Orange,128floz Bottle ,$5.59 ,Lots of pulp,Yes,Vitamins D,Female,45 - 54,Android,0
12,13,2,Local Store Brand,58 fl oz Carton,$5.59 ,Some pulp,No,Vitamins D,Female,45 - 54,Android,0
12,13,3,Local Store Brand,128floz Bottle ,$5.59 ,Lots of pulp,No,"Multi B Vitamins (B , B6, B12)",Female,45 - 54,Android,0
12,13,4,None,None,None,None,None,None,Female,45 - 54,Android,1
13,1,1,Simply Orange,128floz Bottle ,$6.00 ,Medium pulp,Yes,Calcium,Female,45 - 54,Desktop,0
13,1,2,Tropicana ,58 fl oz Carton,$3.89 ,No pulp,No,"Multi B Vitamins (B , B6, B12)",Female,45 - 54,Desktop,1
13,1,3,Local Store Brand,128floz Bottle ,$4.59 ,Lots of pulp,Yes,Vitamins D,Female,45 - 54,Desktop,0
13,1,4,None,None,None,None,None,None,Female,45 - 54,Desktop,0
13,2,1,Minute Made,128floz Bottle ,$4.59 ,Some pulp,No,Vitamins D and Calcium ,Female,45 - 54,Desktop,1
13,2,2,Minute Made,128floz Bottle ,$5.59 ,No pulp,Yes,Vitamins D and Calcium ,Female,45 - 54,Desktop,0
13,2,3,Tropicana ,58 fl oz Carton,$4.59 ,Medium pulp,Yes,"Multi Vitamins (A, B1, C, D, E) ",Female,45 - 54,Desktop,0
13,2,4,None,None,None,None,None,None,Female,45 - 54,Desktop,0
13,3,1,Simply Orange,128floz Bottle ,$6.00 ,Lots of pulp,No,Vitamins D and Calcium ,Female,45 - 54,Desktop,0
13,3,2,Minute Made,58 fl oz Carton,$4.59 ,Lots of pulp,Yes,Plant Sterols ,Female,45 - 54,Desktop,0
13,3,3,Minute Made,58 fl oz Carton,$5.59 ,Some pulp,Yes,"Multi B Vitamins (B , B6, B12)",Female,45 - 54,Desktop,1
13,3,4,None,None,None,None,None,None,Female,45 - 54,Desktop,0
13,4,1,Tropicana ,58 fl oz Carton,$3.89 ,Medium pulp,Yes,Vitamins D and Calcium ,Female,45 - 54,Desktop,1
13,4,2,Local Store Brand,128floz Bottle ,$5.59 ,Lots of pulp,No,"Multi Vitamins (A, B1, C, D, E) ",Female,45 - 54,Desktop,0
13,4,3,Simply Orange,128floz Bottle ,$4.89 ,Some pulp,Yes,Plant Sterols ,Female,45 - 54,Desktop,0
13,4,4,None,None,None,None,None,None,Female,45 - 54,Desktop,0
13,5,1,Tropicana ,128floz Bottle ,$4.89 ,Lots of pulp,No,"Multi Vitamins (A, B1, C, D, E) ",Female,45 - 54,Desktop,0
13,5,2,Simply Orange,128floz Bottle ,$6.00 ,Some pulp,No,Vitamins D,Female,45 - 54,Desktop,1
13,5,3,Simply Orange,58 fl oz Carton,$4.89 ,Lots of pulp,Yes,"Multi B Vitamins (B , B6, B12)",Female,45 - 54,Desktop,0
13,5,4,None,None,None,None,None,None,Female,45 - 54,Desktop,0
13,6,1,Tropicana ,128floz Bottle ,$5.59 ,No pulp,Yes,Plant Sterols ,Female,45 - 54,Desktop,1
13,6,2,Local Store Brand,58 fl oz Carton,$5.59 ,Medium pulp,No,Plant Sterols ,Female,45 - 54,Desktop,0
13,6,3,Tropicana ,58 fl oz Carton,$3.89 ,Lots of pulp,Yes,Vitamins D and Calcium ,Female,45 - 54,Desktop,0
13,6,4,None,None,None,None,None,None,Female,45 - 54,Desktop,0
13,7,1,Local Store Brand,128floz Bottle ,$6.00 ,Medium pulp,No,"Multi B Vitamins (B , B6, B12)",Female,45 - 54,Desktop,0
13,7,2,Minute Made,58 fl oz Carton,$3.89 ,Lots of pulp,Yes,Calcium,Female,45 - 54,Desktop,0
13,7,3,Tropicana ,128floz Bottle ,$4.89 ,Some pulp,Yes,Vitamins D,Female,45 - 54,Desktop,1
13,7,4,None,None,None,None,None,None,Female,45 - 54,Desktop,0
13,8,1,Tropicana ,128floz Bottle ,$6.00 ,Some pulp,No,"Multi B Vitamins (B , B6, B12)",Female,45 - 54,Desktop,0
13,8,2,Local Store Brand,58 fl oz Carton,$5.59 ,Some pulp,Yes,Calcium,Female,45 - 54,Desktop,1
13,8,3,Simply Orange,58 fl oz Carton,$5.59 ,Lots of pulp,No,Calcium,Female,45 - 54,Desktop,0
13,8,4,None,None,None,None,None,None,Female,45 - 54,Desktop,0
13,9,1,Minute Made,128floz Bottle ,$6.00 ,Medium pulp,Yes,"Multi Vitamins (A, B1, C, D, E) ",Female,45 - 54,Desktop,0
13,9,2,Simply Orange,58 fl oz Carton,$4.59 ,No pulp,No,Vitamins D,Female,45 - 54,Desktop,1
13,9,3,Minute Made,58 fl oz Carton,$4.89 ,No pulp,No,Vitamins D and Calcium ,Female,45 - 54,Desktop,0
13,9,4,None,None,None,None,None,None,Female,45 - 54,Desktop,0
13,10,1,Tropicana ,58 fl oz Carton,$4.59 ,Some pulp,No,Plant Sterols ,Female,45 - 54,Desktop,0
13,10,2,Minute Made,58 fl oz Carton,$3.89 ,No pulp,No,Vitamins D,Female,45 - 54,Desktop,1
13,10,3,Local Store Brand,128floz Bottle ,$6.00 ,No pulp,Yes,Plant Sterols ,Female,45 - 54,Desktop,0
13,10,4,None,None,None,None,None,None,Female,45 - 54,Desktop,0
13,11,1,Tropicana ,128floz Bottle ,$5.59 ,Medium pulp,No,Vitamins D,Female,45 - 54,Desktop,0
13,11,2,Local Store Brand,58 fl oz Carton,$4.89 ,No pulp,No,"Multi Vitamins (A, B1, C, D, E) ",Female,45 - 54,Desktop,1
13,11,3,Simply Orange,58 fl oz Carton,$3.89 ,Some pulp,Yes,"Multi Vitamins (A, B1, C, D, E) ",Female,45 - 54,Desktop,0
13,11,4,None,None,None,None,None,None,Female,45 - 54,Desktop,0
13,12,1,Simply Orange,58 fl oz Carton,$3.89 ,Medium pulp,No,Plant Sterols ,Female,45 - 54,Desktop,0
13,12,2,Local Store Brand,128floz Bottle ,$4.59 ,No pulp,Yes,Calcium,Female,45 - 54,Desktop,1
13,12,3,Local Store Brand,58 fl oz Carton,$3.89 ,Some pulp,No,Calcium,Female,45 - 54,Desktop,0
13,12,4,None,None,None,None,None,None,Female,45 - 54,Desktop,0
13,13,1,Local Store Brand,58 fl oz Carton,$4.89 ,Medium pulp,Yes,Vitamins D,Female,45 - 54,Desktop,0
13,13,2,Simply Orange,128floz Bottle ,$4.59 ,No pulp,Yes,"Multi B Vitamins (B , B6, B12)",Female,45 - 54,Desktop,1
13,13,3,Minute Made,128floz Bottle ,$4.89 ,Medium pulp,No,Calcium,Female,45 - 54,Desktop,0
13,13,4,None,None,None,None,None,None,Female,45 - 54,Desktop,0
17,1,1,Simply Orange,128floz Bottle ,$4.89 ,No pulp,Yes,"Multi Vitamins (A, B1, C, D, E) ",Female,45 - 54 ,Android,
17,1,2,Local Store Brand,128floz Bottle ,$5.59 ,Medium pulp,Yes,Calcium,Female,45 - 54 ,Android,
17,1,3,Minute Made,58 fl oz Carton,$5.59 ,Some pulp,No,Vitamins D and Calcium ,Female,45 - 54 ,Android,0
17,1,4,None,None,None,None,None,None,Female,45 - 54 ,Android,0
17,2,1,Minute Made,58 fl oz Carton,$4.89 ,Some pulp,No,"Multi Vitamins (A, B1, C, D, E) ",Female,45 - 54 ,Android,1
17,2,2,Tropicana ,128floz Bottle ,$6.00 ,No pulp,Yes,"Multi B Vitamins (B , B6, B12)",Female,45 - 54 ,Android,0
17,2,3,Simply Orange,58 fl oz Carton,$3.89 ,Lots of pulp,Yes,Plant Sterols ,Female,45 - 54 ,Android,0
17,2,4,None,None,None,None,None,None,Female,45 - 54 ,Android,0
17,3,1,Tropicana ,128floz Bottle ,$4.89 ,Some pulp,Yes,Vitamins D,Female,45 - 54 ,Android,0
17,3,2,Minute Made,128floz Bottle ,$4.89 ,Lots of pulp,No,Calcium,Female,45 - 54 ,Android,0
17,3,3,Minute Made,58 fl oz Carton,$3.89 ,No pulp,Yes,Vitamins D,Female,45 - 54 ,Android,1
17,3,4,None,None,None,None,None,None,Female,45 - 54 ,Android,0
17,4,1,Simply Orange,58 fl oz Carton,$4.59 ,No pulp,Yes,Calcium,Female,45 - 54 ,Android,1
17,4,2,Local Store Brand,128floz Bottle ,$4.89 ,Medium pulp,No,"Multi B Vitamins (B , B6, B12)",Female,45 - 54 ,Android,0
17,4,3,Minute Made,128floz Bottle ,$6.00 ,Medium pulp,No,"Multi Vitamins (A, B1, C, D, E) ",Female,45 - 54 ,Android,0
17,4,4,None,None,None,None,None,None,Female,45 - 54 ,Android,0
17,5,1,Simply Orange,128floz Bottle ,$4.59 ,Medium pulp,No,Vitamins D,Female,45 - 54 ,Android,0
17,5,2,Local Store Brand,58 fl oz Carton,$3.89 ,Some pulp,No,Calcium,Female,45 - 54 ,Android,1
17,5,3,Tropicana ,58 fl oz Carton,$5.59 ,Lots of pulp,Yes,"Multi Vitamins (A, B1, C, D, E) ",Female,45 - 54 ,Android,0
17,5,4,None,None,None,None,None,None,Female,45 - 54 ,Android,0
17,6,1,Minute Made,128floz Bottle ,$5.59 ,No pulp,Yes,Plant Sterols ,Female,45 - 54 ,Android,0
17,6,2,Simply Orange,58 fl oz Carton,$3.89 ,Some pulp,No,Plant Sterols ,Female,45 - 54 ,Android,0
17,6,3,Simply Orange,128floz Bottle ,$6.00 ,Medium pulp,No,Vitamins D,Female,45 - 54 ,Android,1
17,6,4,None,None,None,None,None,None,Female,45 - 54 ,Android,0
17,7,1,Simply Orange,58 fl oz Carton,$5.59 ,No pulp,No,"Multi B Vitamins (B , B6, B12)",Female,45 - 54 ,Android,0
17,7,2,Tropicana ,58 fl oz Carton,$3.89 ,Medium pulp,Yes,"Multi Vitamins (A, B1, C, D, E) ",Female,45 - 54 ,Android,1
17,7,3,Local Store Brand,128floz Bottle ,$6.00 ,Lots of pulp,Yes,Vitamins D and Calcium ,Female,45 - 54 ,Android,0
17,7,4,None,None,None,None,None,None,Female,45 - 54 ,Android,0
17,8,1,Tropicana ,128floz Bottle ,$4.59 ,No pulp,No,Plant Sterols ,Female,45 - 54 ,Android,0
17,8,2,Minute Made,128floz Bottle ,$5.59 ,Lots of pulp,No,Plant Sterols ,Female,45 - 54 ,Android,0
17,8,3,Local Store Brand,58 fl oz Carton,$5.59 ,Lots of pulp,Yes,Vitamins D,Female,45 - 54 ,Android,0
17,8,4,None,None,None,None,None,None,Female,45 - 54 ,Android,1
17,9,1,Tropicana ,58 fl oz Carton,$4.89 ,Medium pulp,Yes,Plant Sterols ,Female,45 - 54 ,Android,0
17,9,2,Local Store Brand,128floz Bottle ,$6.00 ,No pulp,No,"Multi Vitamins (A, B1, C, D, E) ",Female,45 - 54 ,Android,0
17,9,3,Local Store Brand,58 fl oz Carton,$3.89 ,No pulp,No,Vitamins D and Calcium ,Female,45 - 54 ,Android,1
17,9,4,None,None,None,None,None,None,Female,45 - 54 ,Android,0
17,10,1,Minute Made,58 fl oz Carton,$4.59 ,Medium pulp,Yes,Vitamins D and Calcium ,Female,45 - 54 ,Android,0
17,10,2,Minute Made,128floz Bottle ,$6.00 ,Some pulp,Yes,Calcium,Female,45 - 54 ,Android,0
17,10,3,Tropicana ,58 fl oz Carton,$4.59 ,Medium pulp,No,Calcium,Female,45 - 54 ,Android,1
17,10,4,None,None,None,None,None,None,Female,45 - 54 ,Android,0
17,11,1,Simply Orange,128floz Bottle ,$4.89 ,Lots of pulp,Yes,Vitamins D and Calcium ,Female,45 - 54 ,Android,0
17,11,2,Simply Orange,58 fl oz Carton,$4.89 ,Lots of pulp,No,Vitamins D and Calcium ,Female,45 - 54 ,Android,0
17,11,3,Local Store Brand,128floz Bottle ,$4.59 ,Some pulp,Yes,"Multi Vitamins (A, B1, C, D, E) ",Female,45 - 54 ,Android,1
17,11,4,None,None,None,None,None,None,Female,45 - 54 ,Android,0
17,12,1,Minute Made,58 fl oz Carton,$3.89 ,Medium pulp,Yes,"Multi B Vitamins (B , B6, B12)",Female,45 - 54 ,Android,1
17,12,2,Tropicana ,128floz Bottle ,$5.59 ,Some pulp,No,Vitamins D and Calcium ,Female,45 - 54 ,Android,0
17,12,3,Local Store Brand,58 fl oz Carton,$4.89 ,No pulp,No,Vitamins D,Female,45 - 54 ,Android,0
17,12,4,None,None,None,None,None,None,Female,45 - 54 ,Android,0
17,13,1,Tropicana ,58 fl oz Carton,$4.59 ,Lots of pulp,No,"Multi B Vitamins (B , B6, B12)",Female,45 - 54 ,Android,0
17,13,2,Tropicana ,128floz Bottle ,$6.00 ,Lots of pulp,No,Vitamins D,Female,45 - 54 ,Android,0
17,13,3,Simply Orange,128floz Bottle ,$4.59 ,Some pulp,Yes,"Multi B Vitamins (B , B6, B12)",Female,45 - 54 ,Android,1
17,13,4,None,None,None,None,None,None,Female,45 - 54 ,Android,0
18,1,1,Tropicana ,128floz Bottle ,$6.00 ,Lots of pulp,No,Vitamins D,Female,25 - 34,Android,0
18,1,2,Simply Orange,128floz Bottle ,$4.59 ,No pulp,No,Vitamins D and Calcium ,Female,25 - 34,Android,0
18,1,3,Tropicana ,58 fl oz Carton,$3.89 ,No pulp,Yes,Vitamins D and Calcium ,Female,25 - 34,Android,1
18,1,4,None,None,None,None,None,None,Female,25 - 34,Android,0
18,2,1,Minute Made,58 fl oz Carton,$5.59 ,No pulp,No,Plant Sterols ,Female,25 - 34,Android,0
18,2,2,Tropicana ,58 fl oz Carton,$4.59 ,Medium pulp,Yes,Plant Sterols ,Female,25 - 34,Android,0
18,2,3,Minute Made,128floz Bottle ,$4.59 ,No pulp,Yes,"Multi B Vitamins (B , B6, B12)",Female,25 - 34,Android,0
18,2,4,None,None,None,None,None,None,Female,25 - 34,Android,1
18,3,1,Local Store Brand,128floz Bottle ,$5.59 ,Lots of pulp,No,Vitamins D and Calcium ,Female,25 - 34,Android,0
18,3,2,Tropicana ,58 fl oz Carton,$3.89 ,Medium pulp,Yes,Vitamins D and Calcium ,Female,25 - 34,Android,1
18,3,3,Minute Made,128floz Bottle ,$6.00 ,Lots of pulp,No,"Multi Vitamins (A, B1, C, D, E) ",Female,25 - 34,Android,0
18,3,4,None,None,None,None,None,None,Female,25 - 34,Android,0
18,4,1,Local Store Brand,58 fl oz Carton,$4.89 ,Some pulp,No,"Multi B Vitamins (B , B6, B12)",Female,25 - 34,Android,0
18,4,2,Simply Orange,128floz Bottle ,$5.59 ,Medium pulp,Yes,"Multi Vitamins (A, B1, C, D, E) ",Female,25 - 34,Android,0
18,4,3,Minute Made,128floz Bottle ,$4.89 ,No pulp,Yes,Vitamins D,Female,25 - 34,Android,1
18,4,4,None,None,None,None,None,None,Female,25 - 34,Android,0
18,5,1,Minute Made,58 fl oz Carton,$3.89 ,Some pulp,Yes,Vitamins D,Female,25 - 34,Android,0
18,5,2,Local Store Brand,128floz Bottle ,$6.00 ,Medium pulp,Yes,"Multi B Vitamins (B , B6, B12)",Female,25 - 34,Android,0
18,5,3,Tropicana ,58 fl oz Carton,$4.89 ,Lots of pulp,No,Calcium,Female,25 - 34,Android,1
18,5,4,None,None,None,None,None,None,Female,25 - 34,Android,0
18,6,1,Local Store Brand,128floz Bottle ,$5.59 ,Medium pulp,No,Plant Sterols ,Female,25 - 34,Android,0
18,6,2,Simply Orange,128floz Bottle ,$6.00 ,No pulp,Yes,"Multi B Vitamins (B , B6, B12)",Female,25 - 34,Android,0
18,6,3,Minute Made,58 fl oz Carton,$5.59 ,Lots of pulp,No,"Multi B Vitamins (B , B6, B12)",Female,25 - 34,Android,0
18,6,4,None,None,None,None,None,None,Female,25 - 34,Android,1
18,7,1,Simply Orange,58 fl oz Carton,$5.59 ,Some pulp,Yes,Vitamins D and Calcium ,Female,25 - 34,Android,0
18,7,2,Local Store Brand,58 fl oz Carton,$3.89 ,No pulp,No,"Multi Vitamins (A, B1, C, D, E) ",Female,25 - 34,Android,0
18,7,3,Minute Made,128floz Bottle ,$6.00 ,Some pulp,Yes,Calcium,Female,25 - 34,Android,0
18,7,4,None,None,None,None,None,None,Female,25 - 34,Android,1
18,8,1,Simply Orange,58 fl oz Carton,$3.89 ,Some pulp,No,"Multi B Vitamins (B , B6, B12)",Female,25 - 34,Android,0
18,8,2,Local Store Brand,128floz Bottle ,$4.59 ,Lots of pulp,Yes,Calcium,Female,25 - 34,Android,0
18,8,3,Minute Made,128floz Bottle ,$4.89 ,Medium pulp,No,Vitamins D and Calcium ,Female,25 - 34,Android,1
18,8,4,None,None,None,None,None,None,Female,25 - 34,Android,0
18,9,1,Local Store Brand,58 fl oz Carton,$4.89 ,Some pulp,Yes,"Multi Vitamins (A, B1, C, D, E) ",Female,25 - 34,Android,0
18,9,2,Local Store Brand,58 fl oz Carton,$5.59 ,Medium pulp,Yes,Vitamins D,Female,25 - 34,Android,0
18,9,3,Tropicana ,128floz Bottle ,$5.59 ,Some pulp,No,"Multi Vitamins (A, B1, C, D, E) ",Female,25 - 34,Android,0
18,9,4,None,None,None,None,None,None,Female,25 - 34,Android,1
18,10,1,Simply Orange,58 fl oz Carton,$4.59 ,Lots of pulp,No,"Multi Vitamins (A, B1, C, D, E) ",Female,25 - 34,Android,0
18,10,2,Simply Orange,128floz Bottle ,$6.00 ,Medium pulp,No,Vitamins D,Female,25 - 34,Android,0
18,10,3,Tropicana ,128floz Bottle ,$5.59 ,No pulp,Yes,Calcium,Female,25 - 34,Android,1
18,10,4,None,None,None,None,None,None,Female,25 - 34,Android,0
18,11,1,Simply Orange,58 fl oz Carton,$3.89 ,Lots of pulp,Yes,Plant Sterols ,Female,25 - 34,Android,0
18,11,2,Local Store Brand,58 fl oz Carton,$4.59 ,No pulp,No,Calcium,Female,25 - 34,Android,0
18,11,3,Tropicana ,128floz Bottle ,$4.59 ,Some pulp,No,Vitamins D,Female,25 - 34,Android,1
18,11,4,None,None,None,None,None,None,Female,25 - 34,Android,0
18,12,1,Tropicana ,128floz Bottle ,$4.89 ,Lots of pulp,Yes,"Multi B Vitamins (B , B6, B12)",Female,25 - 34,Android,0
18,12,2,Minute Made,58 fl oz Carton,$4.59 ,Medium pulp,Yes,"Multi Vitamins (A, B1, C, D, E) ",Female,25 - 34,Android,1
18,12,3,Minute Made,58 fl oz Carton,$3.89 ,Medium pulp,No,Calcium,Female,25 - 34,Android,0
18,12,4,None,None,None,None,None,None,Female,25 - 34,Android,0
18,13,1,Simply Orange,58 fl oz Carton,$4.89 ,Lots of pulp,Yes,Vitamins D,Female,25 - 34,Android,0
18,13,2,Local Store Brand,128floz Bottle ,$6.00 ,Some pulp,Yes,Plant Sterols ,Female,25 - 34,Android,0
18,13,3,Simply Orange,128floz Bottle ,$4.89 ,No pulp,No,Plant Sterols ,Female,25 - 34,Android,0
18,13,4,None,None,None,None,None,None,Female,25 - 34,Android,1
19,1,1,Local Store Brand,58 fl oz Carton,$5.59 ,No pulp,No,"Multi Vitamins (A, B1, C, D, E) ",Female,45 - 54,Android,0
19,1,2,Simply Orange,128floz Bottle ,$4.59 ,Lots of pulp,Yes,Plant Sterols ,Female,45 - 54,Android,0
19,1,3,Tropicana ,58 fl oz Carton,$3.89 ,Medium pulp,Yes,Plant Sterols ,Female,45 - 54,Android,1
19,1,4,None,None,None,None,None,None,Female,45 - 54,Android,0
19,2,1,Minute Made,58 fl oz Carton,$3.89 ,Medium pulp,No,"Multi Vitamins (A, B1, C, D, E) ",Female,45 - 54,Android,1
19,2,2,Local Store Brand,58 fl oz Carton,$4.89 ,No pulp,Yes,Plant Sterols ,Female,45 - 54,Android,0
19,2,3,Minute Made,128floz Bottle ,$5.59 ,Medium pulp,Yes,Vitamins D,Female,45 - 54,Android,0
19,2,4,None,None,None,None,None,None,Female,45 - 54,Android,0
19,3,1,Tropicana ,58 fl oz Carton,$3.89 ,Some pulp,No,Vitamins D,Female,45 - 54,Android,1
19,3,2,Simply Orange,128floz Bottle ,$5.59 ,No pulp,Yes,Vitamins D and Calcium ,Female,45 - 54,Android,0
19,3,3,Minute Made,128floz Bottle ,$4.89 ,Lots of pulp,No,"Multi B Vitamins (B , B6, B12)",Female,45 - 54,Android,0
19,3,4,None,None,None,None,None,None,Female,45 - 54,Android,0
19,4,1,Tropicana ,128floz Bottle ,$6.00 ,Medium pulp,No,Vitamins D and Calcium ,Female,45 - 54,Android,0
19,4,2,Minute Made,58 fl oz Carton,$3.89 ,No pulp,Yes,Vitamins D,Female,45 - 54,Android,1
19,4,3,Minute Made,128floz Bottle ,$5.59 ,Some pulp,No,Calcium,Female,45 - 54,Android,0
19,4,4,None,None,None,None,None,None,Female,45 - 54,Android,0
19,5,1,Minute Made,58 fl oz Carton,$4.59 ,No pulp,No,Vitamins D and Calcium ,Female,45 - 54,Android,0
19,5,2,Tropicana ,58 fl oz Carton,$4.59 ,Medium pulp,Yes,"Multi B Vitamins (B , B6, B12)",Female,45 - 54,Android,0
19,5,3,Simply Orange,128floz Bottle ,$6.00 ,No pulp,No,"Multi B Vitamins (B , B6, B12)",Female,45 - 54,Android,0
19,5,4,None,None,None,None,None,None,Female,45 - 54,Android,1
19,6,1,Local Store Brand,128floz Bottle ,$4.89 ,Medium pulp,Yes,"Multi Vitamins (A, B1, C, D, E) ",Female,45 - 54,Android,0
19,6,2,Tropicana ,58 fl oz Carton,$4.89 ,Lots of pulp,No,Calcium,Female,45 - 54,Android,0
19,6,3,Local Store Brand,128floz Bottle ,$6.00 ,Lots of pulp,Yes,Calcium,Female,45 - 54,Android,0
19,6,4,None,None,None,None,None,None,Female,45 - 54,Android,1
19,7,1,Simply Orange,58 fl oz Carton,$3.89 ,Lots of pulp,No,Plant Sterols ,Female,45 - 54,Android,1
19,7,2,Minute Made,128floz Bottle ,$4.59 ,Lots of pulp,Yes,"Multi B Vitamins (B , B6, B12)",Female,45 - 54,Android,0
19,7,3,Minute Made,58 fl oz Carton,$4.89 ,Some pulp,Yes,Vitamins D and Calcium ,Female,45 - 54,Android,0
19,7,4,None,None,None,None,None,None,Female,45 - 54,Android,0
19,8,1,Local Store Brand,128floz Bottle ,$6.00 ,Some pulp,Yes,"Multi Vitamins (A, B1, C, D, E) ",Female,45 - 54,Android,0
19,8,2,Simply Orange,58 fl oz Carton,$5.59 ,Medium pulp,Yes,Calcium,Female,45 - 54,Android,0
19,8,3,Tropicana ,58 fl oz Carton,$5.59 ,Lots of pulp,No,"Multi Vitamins (A, B1, C, D, E) ",Female,45 - 54,Android,0
19,8,4,None,None,None,None,None,None,Female,45 - 54,Android,1
19,9,1,Minute Made,128floz Bottle ,$6.00 ,Some pulp,No,Plant Sterols ,Female,45 - 54,Android,0
19,9,2,Local Store Brand,58 fl oz Carton,$3.89 ,Lots of pulp,Yes,Vitamins D and Calcium ,Female,45 - 54,Android,1
19,9,3,Local Store Brand,128floz Bottle ,$4.59 ,Medium pulp,No,Calcium,Female,45 - 54,Android,0
19,9,4,None,None,None,None,None,None,Female,45 - 54,Android,0
19,10,1,Tropicana ,128floz Bottle ,$6.00 ,No pulp,Yes,"Multi B Vitamins (B , B6, B12)",Female,45 - 54,Android,0
19,10,2,Simply Orange,58 fl oz Carton,$4.59 ,Some pulp,Yes,Vitamins D,Female,45 - 54,Android,0
19,10,3,Local Store Brand,128floz Bottle ,$4.59 ,No pulp,No,Vitamins D,Female,45 - 54,Android,0
19,10,4,None,None,None,None,None,None,Female,45 - 54,Android,1
19,11,1,Local Store Brand,58 fl oz Carton,$5.59 ,Some pulp,Yes,"Multi B Vitamins (B , B6, B12)",Female,45 - 54,Android,0
19,11,2,Simply Orange,58 fl oz Carton,$4.89 ,No pulp,Yes,Calcium,Female,45 - 54,Android,0
19,11,3,Tropicana ,128floz Bottle ,$5.59 ,No pulp,No,Plant Sterols ,Female,45 - 54,Android,0
19,11,4,None,None,None,None,None,None,Female,45 - 54,Android,1
19,12,1,Simply Orange,58 fl oz Carton,$4.59 ,Lots of pulp,No,"Multi Vitamins (A, B1, C, D, E) ",Female,45 - 54,Android,0
19,12,2,Tropicana ,128floz Bottle ,$4.59 ,Some pulp,Yes,"Multi Vitamins (A, B1, C, D, E) ",Female,45 - 54,Android,0
19,12,3,Simply Orange,128floz Bottle ,$4.89 ,Medium pulp,No,Vitamins D,Female,45 - 54,Android,0
19,12,4,None,None,None,None,None,None,Female,45 - 54,Android,1
19,13,1,Local Store Brand,58 fl oz Carton,$3.89 ,Medium pulp,No,"Multi B Vitamins (B , B6, B12)",Female,45 - 54,Android,1
19,13,2,Simply Orange,128floz Bottle ,$4.89 ,Some pulp,No,Vitamins D and Calcium ,Female,45 - 54,Android,0
19,13,3,Tropicana ,128floz Bottle ,$6.00 ,Lots of pulp,Yes,Vitamins D,Female,45 - 54,Android,0
19,13,4,None,None,None,None,None,None,Female,45 - 54,Android,0
29,1,1,Minute Made,128floz Bottle ,$6.00 ,No pulp,Yes,"Multi B Vitamins (B , B6, B12)",Female,45 - 54,iPhone,0
29,1,2,Local Store Brand,58 fl oz Carton,$4.59 ,Some pulp,Yes,Vitamins D and Calcium ,Female,45 - 54,iPhone,0
29,1,3,Simply Orange,128floz Bottle ,$5.59 ,Medium pulp,No,Vitamins D and Calcium ,Female,45 - 54,iPhone,0
29,1,4,None,None,None,None,None,None,Female,45 - 54,iPhone,1
29,2,1,Tropicana ,58 fl oz Carton,$4.89 ,No pulp,Yes,Plant Sterols ,Female,45 - 54,iPhone,0
29,2,2,Simply Orange,128floz Bottle ,$6.00 ,No pulp,No,Plant Sterols ,Female,45 - 54,iPhone,0
29,2,3,Simply Orange,58 fl oz Carton,$4.89 ,No pulp,No,Vitamins D,Female,45 - 54,iPhone,1
29,2,4,None,None,None,None,None,None,Female,45 - 54,iPhone,0
29,3,1,Minute Made,58 fl oz Carton,$5.59 ,Some pulp,No,Calcium,Female,45 - 54,iPhone,1
29,3,2,Local Store Brand,128floz Bottle ,$4.89 ,Lots of pulp,Yes,Vitamins D,Female,45 - 54,iPhone,0
29,3,3,Local Store Brand,58 fl oz Carton,$5.59 ,No pulp,Yes,Calcium,Female,45 - 54,iPhone,0
29,3,4,None,None,None,None,None,None,Female,45 - 54,iPhone,0
29,4,1,Tropicana ,58 fl oz Carton,$5.59 ,Medium pulp,Yes,Plant Sterols ,Female,45 - 54,iPhone,0
29,4,2,Simply Orange,58 fl oz Carton,$3.89 ,Lots of pulp,Yes,Calcium,Female,45 - 54,iPhone,0
29,4,3,Local Store Brand,128floz Bottle ,$4.89 ,Some pulp,No,"Multi Vitamins (A, B1, C, D, E) ",Female,45 - 54,iPhone,0
29,4,4,None,None,None,None,None,None,Female,45 - 54,iPhone,1
29,5,1,Local Store Brand,58 fl oz Carton,$4.59 ,No pulp,No,"Multi B Vitamins (B , B6, B12)",Female,45 - 54,iPhone,0
29,5,2,Minute Made,58 fl oz Carton,$3.89 ,Medium pulp,Yes,Vitamins D,Female,45 - 54,iPhone,0
29,5,3,Tropicana ,128floz Bottle ,$4.89 ,Lots of pulp,No,Calcium,Female,45 - 54,iPhone,0
29,5,4,None,None,None,None,None,None,Female,45 - 54,iPhone,1
29,6,1,Local Store Brand,58 fl oz Carton,$4.89 ,Medium pulp,Yes,"Multi B Vitamins (B , B6, B12)",Female,45 - 54,iPhone,0
29,6,2,Simply Orange,58 fl oz Carton,$4.89 ,Lots of pulp,Yes,"Multi Vitamins (A, B1, C, D, E) ",Female,45 - 54,iPhone,0
29,6,3,Tropicana ,128floz Bottle ,$6.00 ,Medium pulp,No,Calcium,Female,45 - 54,iPhone,0
29,6,4,None,None,None,None,None,None,Female,45 - 54,iPhone,1
29,7,1,Minute Made,58 fl oz Carton,$4.89 ,Some pulp,No,Vitamins D and Calcium ,Female,45 - 54,iPhone,0
29,7,2,Minute Made,128floz Bottle ,$4.59 ,No pulp,Yes,Vitamins D and Calcium ,Female,45 - 54,iPhone,0
29,7,3,Simply Orange,58 fl oz Carton,$4.59 ,Medium pulp,No,"Multi B Vitamins (B , B6, B12)",Female,45 - 54,iPhone,1
29,7,4,None,None,None,None,None,None,Female,45 - 54,iPhone,0
29,8,1,Local Store Brand,128floz Bottle ,$5.59 ,No pulp,No,"Multi Vitamins (A, B1, C, D, E) ",Female,45 - 54,iPhone,1
29,8,2,Tropicana ,128floz Bottle ,$6.00 ,Lots of pulp,Yes,"Multi Vitamins (A, B1, C, D, E) ",Female,45 - 54,iPhone,0
29,8,3,Tropicana ,58 fl oz Carton,$5.59 ,Lots of pulp,No,"Multi B Vitamins (B , B6, B12)",Female,45 - 54,iPhone,0
29,8,4,None,None,None,None,None,None,Female,45 - 54,iPhone,0
29,9,1,Tropicana ,128floz Bottle ,$4.59 ,Some pulp,Yes,"Multi B Vitamins (B , B6, B12)",Female,45 - 54,iPhone,0
29,9,2,Minute Made,128floz Bottle ,$4.89 ,Medium pulp,Yes,Calcium,Female,45 - 54,iPhone,0
29,9,3,Local Store Brand,58 fl oz Carton,$3.89 ,Lots of pulp,No,Plant Sterols ,Female,45 - 54,iPhone,1
29,9,4,None,None,None,None,None,None,Female,45 - 54,iPhone,0
29,10,1,Simply Orange,128floz Bottle ,$6.00 ,Medium pulp,No,Vitamins D and Calcium ,Female,45 - 54,iPhone,1
29,10,2,Simply Orange,58 fl oz Carton,$3.89 ,Some pulp,Yes,"Multi Vitamins (A, B1, C, D, E) ",Female,45 - 54,iPhone,0
29,10,3,Local Store Brand,128floz Bottle ,$6.00 ,Some pulp,No,Plant Sterols ,Female,45 - 54,iPhone,0
29,10,4,None,None,None,None,None,None,Female,45 - 54,iPhone,0
29,11,1,Tropicana ,58 fl oz Carton,$3.89 ,Some pulp,No,Vitamins D,Female,45 - 54,iPhone,1
29,11,2,Minute Made,128floz Bottle ,$4.59 ,Medium pulp,Yes,Plant Sterols ,Female,45 - 54,iPhone,0
29,11,3,Local Store Brand,128floz Bottle ,$6.00 ,Lots of pulp,Yes,Vitamins D and Calcium ,Female,45 - 54,iPhone,0
29,11,4,None,None,None,None,None,None,Female,45 - 54,iPhone,0
29,12,1,Minute Made,58 fl oz Carton,$3.89 ,Medium pulp,No,"Multi Vitamins (A, B1, C, D, E) ",Female,45 - 54,iPhone,1
29,12,2,Simply Orange,128floz Bottle ,$5.59 ,Some pulp,Yes,Vitamins D,Female,45 - 54,iPhone,0
29,12,3,Minute Made,128floz Bottle ,$4.59 ,Lots of pulp,No,Vitamins D,Female,45 - 54,iPhone,0
29,12,4,None,None,None,None,None,None,Female,45 - 54,iPhone,0
29,13,1,Minute Made,58 fl oz Carton,$4.59 ,Lots of pulp,No,"Multi Vitamins (A, B1, C, D, E) ",Female,45 - 54,iPhone,0
29,13,2,Tropicana ,58 fl oz Carton,$3.89 ,No pulp,Yes,Vitamins D and Calcium ,Female,45 - 54,iPhone,0
29,13,3,Simply Orange,128floz Bottle ,$5.59 ,Some pulp,Yes,"Multi B Vitamins (B , B6, B12)",Female,45 - 54,iPhone,0
29,13,4,None,None,None,None,None,None,Female,45 - 54,iPhone,1
31,1,1,Local Store Brand,128floz Bottle ,$6.00 ,Medium pulp,No,Vitamins D and Calcium ,Female,35 - 44,Desktop,0
31,1,2,Simply Orange,58 fl oz Carton,$3.89 ,Lots of pulp,Yes,"Multi B Vitamins (B , B6, B12)",Female,35 - 44,Desktop,1
31,1,3,Minute Made,58 fl oz Carton,$4.59 ,Some pulp,Yes,"Multi Vitamins (A, B1, C, D, E) ",Female,35 - 44,Desktop,0
31,1,4,None,None,None,None,None,None,Female,35 - 44,Desktop,0
31,2,1,Local Store Brand,58 fl oz Carton,$5.59 ,No pulp,No,Vitamins D,Female,35 - 44,Desktop,0
31,2,2,Tropicana ,128floz Bottle ,$6.00 ,Medium pulp,No,Calcium,Female,35 - 44,Desktop,0
31,2,3,Simply Orange,128floz Bottle ,$6.00 ,No pulp,Yes,Vitamins D and Calcium ,Female,35 - 44,Desktop,1
31,2,4,None,None,None,None,None,None,Female,35 - 44,Desktop,0
31,3,1,Simply Orange,58 fl oz Carton,$3.89 ,No pulp,No,Calcium,Female,35 - 44,Desktop,1
31,3,2,Tropicana ,128floz Bottle ,$5.59 ,Medium pulp,Yes,Plant Sterols ,Female,35 - 44,Desktop,0
31,3,3,Local Store Brand,128floz Bottle ,$4.89 ,Some pulp,Yes,Calcium,Female,35 - 44,Desktop,0
31,3,4,None,None,None,None,None,None,Female,35 - 44,Desktop,0
31,4,1,Local Store Brand,128floz Bottle ,$4.59 ,No pulp,Yes,"Multi Vitamins (A, B1, C, D, E) ",Female,35 - 44,Desktop,0
31,4,2,Minute Made,128floz Bottle ,$4.89 ,No pulp,No,Vitamins D and Calcium ,Female,35 - 44,Desktop,1
31,4,3,Simply Orange,58 fl oz Carton,$4.59 ,Medium pulp,No,Calcium,Female,35 - 44,Desktop,0
31,4,4,None,None,None,None,None,None,Female,35 - 44,Desktop,0
31,5,1,Tropicana ,58 fl oz Carton,$4.89 ,Lots of pulp,No,Vitamins D and Calcium ,Female,35 - 44,Desktop,0
31,5,2,Minute Made,128floz Bottle ,$5.59 ,Medium pulp,No,"Multi Vitamins (A, B1, C, D, E) ",Female,35 - 44,Desktop,1
31,5,3,Local Store Brand,58 fl oz Carton,$3.89 ,Lots of pulp,Yes,Vitamins D and Calcium ,Female,35 - 44,Desktop,0
31,5,4,None,None,None,None,None,None,Female,35 - 44,Desktop,0
31,6,1,Minute Made,128floz Bottle ,$6.00 ,Lots of pulp,Yes,Plant Sterols ,Female,35 - 44,Desktop,0
31,6,2,Minute Made,128floz Bottle ,$6.00 ,Some pulp,No,"Multi B Vitamins (B , B6, B12)",Female,35 - 44,Desktop,1
31,6,3,Minute Made,58 fl oz Carton,$3.89 ,Some pulp,No,Plant Sterols ,Female,35 - 44,Desktop,0
31,6,4,None,None,None,None,None,None,Female,35 - 44,Desktop,0
31,7,1,Minute Made,58 fl oz Carton,$4.89 ,Medium pulp,No,"Multi B Vitamins (B , B6, B12)",Female,35 - 44,Desktop,0
31,7,2,Tropicana ,128floz Bottle ,$4.89 ,Lots of pulp,Yes,Vitamins D,Female,35 - 44,Desktop,1
31,7,3,Tropicana ,128floz Bottle ,$6.00 ,No pulp,Yes,Vitamins D,Female,35 - 44,Desktop,0
31,7,4,None,None,None,None,None,None,Female,35 - 44,Desktop,0
31,8,1,Minute Made,58 fl oz Carton,$3.89 ,Medium pulp,Yes,Vitamins D,Female,35 - 44,Desktop,0
31,8,2,Simply Orange,128floz Bottle ,$6.00 ,Lots of pulp,No,Plant Sterols ,Female,35 - 44,Desktop,0
31,8,3,Local Store Brand,58 fl oz Carton,$5.59 ,Some pulp,Yes,Calcium,Female,35 - 44,Desktop,0
31,8,4,None,None,None,None,None,None,Female,35 - 44,Desktop,1
31,9,1,Tropicana ,58 fl oz Carton,$5.59 ,Lots of pulp,No,"Multi Vitamins (A, B1, C, D, E) ",Female,35 - 44,Desktop,0
31,9,2,Simply Orange,58 fl oz Carton,$3.89 ,Medium pulp,Yes,Vitamins D,Female,35 - 44,Desktop,0
31,9,3,Local Store Brand,128floz Bottle ,$4.59 ,Some pulp,No,Plant Sterols ,Female,35 - 44,Desktop,0
31,9,4,None,None,None,None,None,None,Female,35 - 44,Desktop,1
31,10,1,Tropicana ,128floz Bottle ,$4.59 ,Medium pulp,Yes,"Multi B Vitamins (B , B6, B12)",Female,35 - 44,Desktop,1
31,10,2,Tropicana ,58 fl oz Carton,$3.89 ,No pulp,No,Plant Sterols ,Female,35 - 44,Desktop,0
31,10,3,Minute Made,58 fl oz Carton,$5.59 ,No pulp,Yes,Calcium,Female,35 - 44,Desktop,0
31,10,4,None,None,None,None,None,None,Female,35 - 44,Desktop,0
31,11,1,Simply Orange,58 fl oz Carton,$4.89 ,No pulp,Yes,"Multi Vitamins (A, B1, C, D, E) ",Female,35 - 44,Desktop,0
31,11,2,Simply Orange,128floz Bottle ,$4.89 ,Some pulp,No,Vitamins D,Female,35 - 44,Desktop,1
31,11,3,Local Store Brand,58 fl oz Carton,$4.59 ,Lots of pulp,No,Vitamins D,Female,35 - 44,Desktop,0
31,11,4,None,None,None,None,None,None,Female,35 - 44,Desktop,0
31,12,1,Simply Orange,128floz Bottle ,$5.59 ,Lots of pulp,No,"Multi Vitamins (A, B1, C, D, E) ",Female,35 - 44,Desktop,1
31,12,2,Minute Made,128floz Bottle ,$4.59 ,Lots of pulp,Yes,Calcium,Female,35 - 44,Desktop,0
31,12,3,Tropicana ,58 fl oz Carton,$5.59 ,Some pulp,Yes,Vitamins D and Calcium ,Female,35 - 44,Desktop,0
31,12,4,None,None,None,None,None,None,Female,35 - 44,Desktop,0
31,13,1,Local Store Brand,58 fl oz Carton,$4.89 ,Medium pulp,Yes,Plant Sterols ,Female,35 - 44,Desktop,0
31,13,2,Tropicana ,58 fl oz Carton,$4.59 ,No pulp,No,"Multi B Vitamins (B , B6, B12)",Female,35 - 44,Desktop,0
31,13,3,Simply Orange,128floz Bottle ,$5.59 ,Some pulp,Yes,"Multi B Vitamins (B , B6, B12)",Female,35 - 44,Desktop,1
31,13,4,None,None,None,None,None,None,Female,35 - 44,Desktop,0
40,1,1,Minute Made,128floz Bottle ,$6.00 ,Medium pulp,Yes,Vitamins D,Female,18 - 24,Android,1
40,1,2,Simply Orange,128floz Bottle ,$5.59 ,Some pulp,No,Plant Sterols ,Female,18 - 24,Android,0
40,1,3,Simply Orange,58 fl oz Carton,$4.59 ,No pulp,No,"Multi B Vitamins (B , B6, B12)",Female,18 - 24,Android,0
40,1,4,None,None,None,None,None,None,Female,18 - 24,Android,0
40,2,1,Simply Orange,58 fl oz Carton,$4.89 ,Medium pulp,Yes,Calcium,Female,18 - 24,Android,1
40,2,2,Local Store Brand,58 fl oz Carton,$3.89 ,Lots of pulp,No,Plant Sterols ,Female,18 - 24,Android,0
40,2,3,Tropicana ,128floz Bottle ,$4.59 ,Some pulp,Yes,"Multi Vitamins (A, B1, C, D, E) ",Female,18 - 24,Android,0
40,2,4,None,None,None,None,None,None,Female,18 - 24,Android,0
40,3,1,Minute Made,128floz Bottle ,$4.89 ,No pulp,Yes,Plant Sterols ,Female,18 - 24,Android,0
40,3,2,Local Store Brand,58 fl oz Carton,$5.59 ,Lots of pulp,No,Plant Sterols ,Female,18 - 24,Android,0
40,3,3,Minute Made,128floz Bottle ,$5.59 ,Medium pulp,No,Calcium,Female,18 - 24,Android,1
40,3,4,None,None,None,None,None,None,Female,18 - 24,Android,0
40,4,1,Local Store Brand,128floz Bottle ,$4.59 ,No pulp,No,Calcium,Female,18 - 24,Android,0
40,4,2,Minute Made,58 fl oz Carton,$4.59 ,No pulp,No,Vitamins D,Female,18 - 24,Android,1
40,4,3,Local Store Brand,58 fl oz Carton,$3.89 ,No pulp,Yes,Vitamins D,Female,18 - 24,Android,0
40,4,4,None,None,None,None,None,None,Female,18 - 24,Android,0
40,5,1,Tropicana ,58 fl oz Carton,$4.89 ,Medium pulp,No,Vitamins D and Calcium ,Female,18 - 24,Android,1
40,5,2,Simply Orange,128floz Bottle ,$4.59 ,Lots of pulp,Yes,Vitamins D and Calcium ,Female,18 - 24,Android,0
40,5,3,Minute Made,58 fl oz Carton,$4.59 ,Some pulp,Yes,Plant Sterols ,Female,18 - 24,Android,0
40,5,4,None,None,None,None,None,None,Female,18 - 24,Android,0
40,6,1,Minute Made,58 fl oz Carton,$5.59 ,No pulp,No,Vitamins D and Calcium ,Female,18 - 24,Android,1
40,6,2,Local Store Brand,128floz Bottle ,$4.59 ,Medium pulp,Yes,"Multi B Vitamins (B , B6, B12)",Female,18 - 24,Android,0
40,6,3,Simply Orange,58 fl oz Carton,$3.89 ,No pulp,No,"Multi Vitamins (A, B1, C, D, E) ",Female,18 - 24,Android,0
40,6,4,None,None,None,None,None,None,Female,18 - 24,Android,0
40,7,1,Tropicana ,58 fl oz Carton,$5.59 ,Lots of pulp,Yes,Vitamins D,Female,18 - 24,Android,1
40,7,2,Tropicana ,58 fl oz Carton,$3.89 ,Medium pulp,No,Plant Sterols ,Female,18 - 24,Android,0
40,7,3,Minute Made,128floz Bottle ,$6.00 ,Some pulp,Yes,Calcium,Female,18 - 24,Android,0
40,7,4,None,None,None,None,None,None,Female,18 - 24,Android,0
40,8,1,Local Store Brand,58 fl oz Carton,$3.89 ,Medium pulp,Yes,"Multi Vitamins (A, B1, C, D, E) ",Female,18 - 24,Android,1
40,8,2,Tropicana ,128floz Bottle ,$6.00 ,Lots of pulp,No,"Multi B Vitamins (B , B6, B12)",Female,18 - 24,Android,0
40,8,3,Simply Orange,128floz Bottle ,$4.89 ,Some pulp,No,Vitamins D,Female,18 - 24,Android,0
40,8,4,None,None,None,None,None,None,Female,18 - 24,Android,0
40,9,1,Simply Orange,128floz Bottle ,$5.59 ,Medium pulp,Yes,"Multi Vitamins (A, B1, C, D, E) ",Female,18 - 24,Android,0
40,9,2,Tropicana ,58 fl oz Carton,$5.59 ,Some pulp,Yes,"Multi B Vitamins (B , B6, B12)",Female,18 - 24,Android,0
40,9,3,Local Store Brand,128floz Bottle ,$4.89 ,Lots of pulp,No,"Multi Vitamins (A, B1, C, D, E) ",Female,18 - 24,Android,1
40,9,4,None,None,None,None,None,None,Female,18 - 24,Android,0
40,10,1,Tropicana ,128floz Bottle ,$4.59 ,Medium pulp,No,Vitamins D,Female,18 - 24,Android,0
40,10,2,Tropicana ,128floz Bottle ,$6.00 ,No pulp,Yes,Plant Sterols ,Female,18 - 24,Android,0
40,10,3,Minute Made,58 fl oz Carton,$3.89 ,Lots of pulp,Yes,Vitamins D and Calcium ,Female,18 - 24,Android,1
40,10,4,None,None,None,None,None,None,Female,18 - 24,Android,0
40,11,1,Simply Orange,128floz Bottle ,$6.00 ,Lots of pulp,No,Vitamins D,Female,18 - 24,Android,0
40,11,2,Minute Made,128floz Bottle ,$4.89 ,Lots of pulp,No,"Multi B Vitamins (B , B6, B12)",Female,18 - 24,Android,1
40,11,3,Local Store Brand,58 fl oz Carton,$4.89 ,Some pulp,Yes,"Multi B Vitamins (B , B6, B12)",Female,18 - 24,Android,0
40,11,4,None,None,None,None,None,None,Female,18 - 24,Android,0
40,12,1,Minute Made,58 fl oz Carton,$4.59 ,Some pulp,No,"Multi Vitamins (A, B1, C, D, E) ",Female,18 - 24,Android,0
40,12,2,Local Store Brand,128floz Bottle ,$5.59 ,No pulp,Yes,Vitamins D and Calcium ,Female,18 - 24,Android,0
40,12,3,Simply Orange,58 fl oz Carton,$4.89 ,Lots of pulp,Yes,Calcium,Female,18 - 24,Android,1
40,12,4,None,None,None,None,None,None,Female,18 - 24,Android,0
40,13,1,Tropicana ,128floz Bottle ,$6.00 ,No pulp,Yes,Calcium,Female,18 - 24,Android,0
40,13,2,Tropicana ,58 fl oz Carton,$3.89 ,Some pulp,No,Calcium,Female,18 - 24,Android,1
40,13,3,Local Store Brand,128floz Bottle ,$6.00 ,Some pulp,No,Vitamins D and Calcium ,Female,18 - 24,Android,0
40,13,4,None,None,None,None,None,None,Female,18 - 24,Android,0
44,1,1,Minute Made,128floz Bottle ,$4.59 ,Medium pulp,Yes,Vitamins D and Calcium ,Female,45 - 54,Desktop,0
44,1,2,Simply Orange,128floz Bottle ,$5.59 ,Some pulp,No,Vitamins D and Calcium ,Female,45 - 54,Desktop,0
44,1,3,Simply Orange,58 fl oz Carton,$5.59 ,Lots of pulp,Yes,"Multi Vitamins (A, B1, C, D, E) ",Female,45 - 54,Desktop,0
44,1,4,None,None,None,None,None,None,Female,45 - 54,Desktop,1
44,2,1,Simply Orange,128floz Bottle ,$4.59 ,Lots of pulp,Yes,"Multi B Vitamins (B , B6, B12)",Female,45 - 54,Desktop,0
44,2,2,Minute Made,58 fl oz Carton,$5.59 ,Some pulp,Yes,Calcium,Female,45 - 54,Desktop,0
44,2,3,Minute Made,58 fl oz Carton,$4.59 ,Lots of pulp,No,Calcium,Female,45 - 54,Desktop,0
44,2,4,None,None,None,None,None,None,Female,45 - 54,Desktop,1
44,3,1,Tropicana ,128floz Bottle ,$4.59 ,Some pulp,Yes,Vitamins D,Female,45 - 54,Desktop,0
44,3,2,Simply Orange,128floz Bottle ,$4.89 ,No pulp,No,"Multi Vitamins (A, B1, C, D, E) ",Female,45 - 54,Desktop,0
44,3,3,Local Store Brand,58 fl oz Carton,$3.89 ,Some pulp,No,"Multi B Vitamins (B , B6, B12)",Female,45 - 54,Desktop,1
44,3,4,None,None,None,None,None,None,Female,45 - 54,Desktop,0
44,4,1,Tropicana ,58 fl oz Carton,$3.89 ,No pulp,Yes,Plant Sterols ,Female,45 - 54,Desktop,0
44,4,2,Minute Made,128floz Bottle ,$5.59 ,Medium pulp,No,"Multi B Vitamins (B , B6, B12)",Female,45 - 54,Desktop,0
44,4,3,Local Store Brand,128floz Bottle ,$4.89 ,Some pulp,Yes,Calcium,Female,45 - 54,Desktop,0
44,4,4,None,None,None,None,None,None,Female,45 - 54,Desktop,1
44,5,1,Tropicana ,128floz Bottle ,$6.00 ,Lots of pulp,No,Vitamins D and Calcium ,Female,45 - 54,Desktop,0
44,5,2,Minute Made,128floz Bottle ,$6.00 ,Some pulp,No,Vitamins D,Female,45 - 54,Desktop,0
44,5,3,Minute Made,58 fl oz Carton,$3.89 ,Lots of pulp,Yes,Vitamins D,Female,45 - 54,Desktop,0
44,5,4,None,None,None,None,None,None,Female,45 - 54,Desktop,1
44,6,1,Tropicana ,58 fl oz Carton,$4.89 ,Some pulp,Yes,Vitamins D and Calcium ,Female,45 - 54,Desktop,0
44,6,2,Simply Orange,128floz Bottle ,$6.00 ,No pulp,Yes,"Multi B Vitamins (B , B6, B12)",Female,45 - 54,Desktop,0
44,6,3,Minute Made,58 fl oz Carton,$4.89 ,Lots of pulp,No,Plant Sterols ,Female,45 - 54,Desktop,0
44,6,4,None,None,None,None,None,None,Female,45 - 54,Desktop,1
44,7,1,Simply Orange,58 fl oz Carton,$3.89 ,Some pulp,No,Calcium,Female,45 - 54,Desktop,0
44,7,2,Local Store Brand,128floz Bottle ,$4.89 ,Lots of pulp,Yes,Vitamins D and Calcium ,Female,45 - 54,Desktop,0
44,7,3,Tropicana ,58 fl oz Carton,$4.59 ,No pulp,No,"Multi B Vitamins (B , B6, B12)",Female,45 - 54,Desktop,1
44,7,4,None,None,None,None,None,None,Female,45 - 54,Desktop,0
44,8,1,Simply Orange,128floz Bottle ,$6.00 ,Lots of pulp,Yes,Plant Sterols ,Female,45 - 54,Desktop,0
44,8,2,Local Store Brand,128floz Bottle ,$6.00 ,No pulp,Yes,Vitamins D,Female,45 - 54,Desktop,0
44,8,3,Local Store Brand,58 fl oz Carton,$5.59 ,Medium pulp,No,Plant Sterols ,Female,45 - 54,Desktop,1
44,8,4,None,None,None,None,None,None,Female,45 - 54,Desktop,0
44,9,1,Simply Orange,58 fl oz Carton,$4.59 ,Medium pulp,No,Vitamins D,Female,45 - 54,Desktop,1
44,9,2,Minute Made,128floz Bottle ,$5.59 ,No pulp,Yes,Calcium,Female,45 - 54,Desktop,0
44,9,3,Tropicana ,128floz Bottle ,$4.89 ,Medium pulp,No,Plant Sterols ,Female,45 - 54,Desktop,0
44,9,4,None,None,None,None,None,None,Female,45 - 54,Desktop,0
44,10,1,Simply Orange,58 fl oz Carton,$3.89 ,No pulp,No,Vitamins D and Calcium ,Female,45 - 54,Desktop,0
44,10,2,Local Store Brand,58 fl oz Carton,$4.59 ,Some pulp,Yes,"Multi B Vitamins (B , B6, B12)",Female,45 - 54,Desktop,1
44,10,3,Tropicana ,128floz Bottle ,$6.00 ,Medium pulp,No,Calcium,Female,45 - 54,Desktop,0
44,10,4,None,None,None,None,None,None,Female,45 - 54,Desktop,0
44,11,1,Minute Made,128floz Bottle ,$4.59 ,No pulp,No,Plant Sterols ,Female,45 - 54,Desktop,0
44,11,2,Minute Made,58 fl oz Carton,$4.89 ,No pulp,No,"Multi Vitamins (A, B1, C, D, E) ",Female,45 - 54,Desktop,0
44,11,3,Tropicana ,58 fl oz Carton,$3.89 ,Medium pulp,Yes,"Multi Vitamins (A, B1, C, D, E) ",Female,45 - 54,Desktop,0
44,11,4,None,None,None,None,None,None,Female,45 - 54,Desktop,1
44,12,1,Local Store Brand,128floz Bottle ,$6.00 ,Some pulp,No,"Multi Vitamins (A, B1, C, D, E) ",Female,45 - 54,Desktop,0
44,12,2,Tropicana ,58 fl oz Carton,$5.59 ,No pulp,Yes,Vitamins D and Calcium ,Female,45 - 54,Desktop,0
44,12,3,Simply Orange,58 fl oz Carton,$4.89 ,Medium pulp,Yes,Vitamins D,Female,45 - 54,Desktop,0
44,12,4,None,None,None,None,None,None,Female,45 - 54,Desktop,1
44,13,1,Tropicana ,128floz Bottle ,$5.59 ,Lots of pulp,No,"Multi Vitamins (A, B1, C, D, E) ",Female,45 - 54,Desktop,0
44,13,2,Local Store Brand,58 fl oz Carton,$5.59 ,Lots of pulp,No,Vitamins D,Female,45 - 54,Desktop,1
44,13,3,Local Store Brand,58 fl oz Carton,$3.89 ,Medium pulp,Yes,"Multi Vitamins (A, B1, C, D, E) ",Female,45 - 54,Desktop,0
44,13,4,None,None,None,None,None,None,Female,45 - 54,Desktop,0
47,1,1,Minute Made,58 fl oz Carton,$4.59 ,Medium pulp,No,"Multi B Vitamins (B , B6, B12)",Female,35 - 44,Desktop,0
47,1,2,Simply Orange,58 fl oz Carton,$3.89 ,No pulp,Yes,Vitamins D and Calcium ,Female,35 - 44,Desktop,1
47,1,3,Local Store Brand,128floz Bottle ,$4.59 ,Lots of pulp,No,Vitamins D and Calcium ,Female,35 - 44,Desktop,0
47,1,4,None,None,None,None,None,None,Female,35 - 44,Desktop,0
47,2,1,Simply Orange,128floz Bottle ,$6.00 ,Lots of pulp,No,"Multi Vitamins (A, B1, C, D, E) ",Female,35 - 44,Desktop,0
47,2,2,Local Store Brand,128floz Bottle ,$4.89 ,No pulp,No,"Multi Vitamins (A, B1, C, D, E) ",Female,35 - 44,Desktop,1
47,2,3,Tropicana ,58 fl oz Carton,$3.89 ,Lots of pulp,Yes,Vitamins D and Calcium ,Female,35 - 44,Desktop,0
47,2,4,None,None,None,None,None,None,Female,35 - 44,Desktop,0
47,3,1,Local Store Brand,58 fl oz Carton,$4.59 ,Some pulp,Yes,Vitamins D,Female,35 - 44,Desktop,0
47,3,2,Minute Made,128floz Bottle ,$4.89 ,No pulp,Yes,Vitamins D and Calcium ,Female,35 - 44,Desktop,1
47,3,3,Local Store Brand,58 fl oz Carton,$3.89 ,Lots of pulp,No,Vitamins D,Female,35 - 44,Desktop,0
47,3,4,None,None,None,None,None,None,Female,35 - 44,Desktop,0
47,4,1,Tropicana ,128floz Bottle ,$4.59 ,Lots of pulp,Yes,"Multi B Vitamins (B , B6, B12)",Female,35 - 44,Desktop,0
47,4,2,Minute Made,58 fl oz Carton,$3.89 ,Medium pulp,Yes,"Multi Vitamins (A, B1, C, D, E) ",Female,35 - 44,Desktop,0
47,4,3,Simply Orange,58 fl oz Carton,$5.59 ,Some pulp,No,Calcium,Female,35 - 44,Desktop,0
47,4,4,None,None,None,None,None,None,Female,35 - 44,Desktop,1
47,5,1,Simply Orange,58 fl oz Carton,$4.89 ,Some pulp,No,Plant Sterols ,Female,35 - 44,Desktop,0
47,5,2,Tropicana ,128floz Bottle ,$6.00 ,Some pulp,Yes,Calcium,Female,35 - 44,Desktop,0
47,5,3,Tropicana ,128floz Bottle ,$4.89 ,Medium pulp,No,Plant Sterols ,Female,35 - 44,Desktop,0
47,5,4,None,None,None,None,None,None,Female,35 - 44,Desktop,1
47,6,1,Minute Made,128floz Bottle ,$5.59 ,Some pulp,Yes,"Multi Vitamins (A, B1, C, D, E) ",Female,35 - 44,Desktop,0
47,6,2,Tropicana ,58 fl oz Carton,$4.59 ,No pulp,Yes,"Multi Vitamins (A, B1, C, D, E) ",Female,35 - 44,Desktop,1
47,6,3,Tropicana ,58 fl oz Carton,$5.59 ,No pulp,No,Plant Sterols ,Female,35 - 44,Desktop,0
47,6,4,None,None,None,None,None,None,Female,35 - 44,Desktop,0
47,7,1,Local Store Brand,128floz Bottle ,$6.00 ,Some pulp,Yes,"Multi B Vitamins (B , B6, B12)",Female,35 - 44,Desktop,0
47,7,2,Minute Made,58 fl oz Carton,$3.89 ,Medium pulp,Yes,Plant Sterols ,Female,35 - 44,Desktop,0
47,7,3,Tropicana ,128floz Bottle ,$6.00 ,Medium pulp,No,"Multi B Vitamins (B , B6, B12)",Female,35 - 44,Desktop,0
47,7,4,None,None,None,None,None,None,Female,35 - 44,Desktop,1
47,8,1,Simply Orange,128floz Bottle ,$4.59 ,Some pulp,Yes,Plant Sterols ,Female,35 - 44,Desktop,0
47,8,2,Minute Made,128floz Bottle ,$6.00 ,Some pulp,No,Vitamins D,Female,35 - 44,Desktop,0
47,8,3,Local Store Brand,58 fl oz Carton,$4.89 ,Medium pulp,Yes,Calcium,Female,35 - 44,Desktop,0
47,8,4,None,None,None,None,None,None,Female,35 - 44,Desktop,1
47,9,1,Minute Made,128floz Bottle ,$6.00 ,No pulp,No,Plant Sterols ,Female,35 - 44,Desktop,0
47,9,2,Simply Orange,128floz Bottle ,$4.89 ,No pulp,Yes,Vitamins D,Female,35 - 44,Desktop,1
47,9,3,Minute Made,58 fl oz Carton,$5.59 ,Lots of pulp,No,Calcium,Female,35 - 44,Desktop,0
47,9,4,None,None,None,None,None,None,Female,35 - 44,Desktop,0
47,10,1,Simply Orange,128floz Bottle ,$4.59 ,Medium pulp,No,Vitamins D,Female,35 - 44,Desktop,0
47,10,2,Tropicana ,58 fl oz Carton,$3.89 ,No pulp,No,Calcium,Female,35 - 44,Desktop,1
47,10,3,Local Store Brand,128floz Bottle ,$5.59 ,Lots of pulp,Yes,Plant Sterols ,Female,35 - 44,Desktop,0
47,10,4,None,None,None,None,None,None,Female,35 - 44,Desktop,0
47,11,1,Local Store Brand,128floz Bottle ,$5.59 ,Medium pulp,No,Vitamins D and Calcium ,Female,35 - 44,Desktop,0
47,11,2,Simply Orange,128floz Bottle ,$6.00 ,Lots of pulp,Yes,Calcium,Female,35 - 44,Desktop,0
47,11,3,Simply Orange,58 fl oz Carton,$5.59 ,No pulp,Yes,"Multi B Vitamins (B , B6, B12)",Female,35 - 44,Desktop,1
47,11,4,None,None,None,None,None,None,Female,35 - 44,Desktop,0
47,12,1,Tropicana ,128floz Bottle ,$5.59 ,Medium pulp,Yes,Vitamins D,Female,35 - 44,Desktop,0
47,12,2,Local Store Brand,58 fl oz Carton,$3.89 ,Some pulp,No,"Multi B Vitamins (B , B6, B12)",Female,35 - 44,Desktop,0
47,12,3,Simply Orange,58 fl oz Carton,$4.59 ,Lots of pulp,No,"Multi Vitamins (A, B1, C, D, E) ",Female,35 - 44,Desktop,0
47,12,4,None,None,None,None,None,None,Female,35 - 44,Desktop,1
47,13,1,Tropicana ,58 fl oz Carton,$4.89 ,Some pulp,No,Vitamins D and Calcium ,Female,35 - 44,Desktop,0
47,13,2,Minute Made,128floz Bottle ,$4.59 ,No pulp,No,Calcium,Female,35 - 44,Desktop,1
47,13,3,Minute Made,58 fl oz Carton,$4.89 ,Lots of pulp,Yes,Vitamins D,Female,35 - 44,Desktop,0
47,13,4,None,None,None,None,None,None,Female,35 - 44,Desktop,0